Other,English
1 di agosto,August 1
1 di januaro,January 1
1 di julio,July 1
1 di mayo,May 1
1 di novembro,November 1
11 di novembro,November 11
11 di septembro,September 11
12 di februaro,February 12
12 di oktobro,October 12
14 di aprilo,April 14
14 di februaro,February 14
14 di junio,June 14
15 di agosto,August 15
1530a yari,1530s
17 di marto,March 17
17 di septembro,September 17
1750a yari,1750s
1760a yari,1760s
1770a yari,1770s
1780a yari,1780s
1790a yari,1790s
1820a yari,1820s
1830a yari,1830s
1840a yari,1840s
1850a yari,1850s
1860a yari,1860s
1870a yari,1870s
1880a yari,1880s
1890a yari,1890s
19 di januaro,January 19
19 di marto,March 19
1900a yari,1900s
1920a yari,1920s
1930a yari,1930s
1940a yari,1940s
1950a yari,1950s
1960a yari,1960s
1970a yari,1970s
1980a yari,1980s
1990a yari,1990s
2 di februaro,February 2
2 di marto,March 2
2 di novembro,November 2
20 di januaro,January 20
21 di junio,June 21
22 di februaro,February 22
23 di junio,June 23
24 di junio,June 24
24 di mayo,May 24
24 di oktobro,October 24
25 di marto,March 25
29 di februaro,February 29
29 di junio,June 29
29 di septembro,September 29
3 di junio,June 3
31 di decembro,December 31
4 di julio,July 4
5 di novembro,November 5
6 di agosto,August 6
6 di januaro,January 6
8 di decembro,December 8
A,A
ABC,ABC
Aarhus,Aarhus
Abdomino,Abdomen
Abelo,Bee
Abidjan,Abidjan
Abraham Lincoln,Abraham Lincoln
Abu Dhabi,Abu Dhabi
Abuja,Abuja
Accra,Accra
Acelero,Acceleration
Acetat-acido,Acetic acid
Acido,Acid
Acipitro,Goshawk
Aconcagua,Aconcagua
Acori,Azores
Acre,Acre
Adam Smith,Adam Smith
Addis Ababa,Addis Ababa
Adiciono,Addition
Adolf Eichmann,Adolf Eichmann
Adolf Hitler,Adolf Hitler
Adrenalino,Epinephrine
Adriatiko,Adriatic Sea
Aeronavo,Aircraft
Aeschylus,Aeschylus
Afganistan,Afghanistan
Afrika,Africa
Agatha Christie,Agatha Christie
Aglo,Eagle
Agosto,August
Agrokultivo,Agriculture
Akira Kurosawa,Akira Kurosawa
Aktinio,Sea anemone
Aktiniumo,Actinium
Aktoro,Actor
Akustiko,Acoustics
Al Gore,Al Gore
Al Manamah,Manama
Al-Kaida,Al-Qaeda
Alabama,Alabama
Alan Turing,Alan Turing
Alaska,Alaska
Albania,Albania
"Albany, Nova-York",Albany
Albatroso,Albatross
Albert Abraham Michelson,Albert Abraham Michelson
Albert Camus,Albert Camus
Albert Einstein,Albert Einstein
Albert Schweitzer,Albert Schweitzer
Alberta,Alberta
Aldebaran,Aldebaran
Aldous Huxley,Aldous Huxley
Alegorio,Allegory
Alergio,Allergy
Alexander Fleming,Alexander Fleming
Alexander Graham Bell,Alexander Graham Bell
Alexander Pope,Alexander Pope
Alexandr Soljenicyn,Aleksandr Solzhenitsyn
Alexandros la Magna,Alexander the Great
Alexis de Tocqueville,Alexis de Tocqueville
Alfabeto,Alphabet
Alfred Dreyfus,Alfred Dreyfus
Alfred Hitchcock,Alfred Hitchcock
Alfred Nobel,Alfred Nobel
Algebro,Algebra
Aliteraco,Alliteration
Aljer,Algiers
Aljeria,Algeria
Alkemio,Alchemy
Alkeno,Alkene
Alko,Moose
Alkoholo,Alcohol
Allen Ginsberg,Allen Ginsberg
Aloyo,Alloy
Alpha Centauri,Alpha Centauri
Alta Normandia,Haute-Normandie
Alter,Altair
Alternanta fluo,Alternating current
Alumeto,Match
Aluminio,Aluminium
Alvar Aalto,Alvar Aalto
Alzacia,Alsace
Amazon,Amazon River
Americio,Americium
Amfibia,Amphibian
Amhara linguo,Amharic
Amilo,Starch
Amin-acido,Amino acid
Amman,Amman
Amoniako,Ammonia
Amplitudo,Amplitude
Amsterdam,Amsterdam
Anado,Duck
Anagramo,Anagram
Analizala geometrio,Analytic geometry
Anatole France,Anatole France
Anatomio,Anatomy
"Anchorage, Alaska",Anchorage
Andaluzia,Andalusia
Anders Celsius,Anders Celsius
Andora,Andorra
Andrei Saharov,Andrei Sakharov
Andrew Jackson,Andrew Jackson
Andrew Johnson,Andrew Johnson
Andrew Lloyd Webber,Andrew Lloyd Webber
Andromeda,Andromeda
Anestezio,Anesthesia
Anglia,England
Angliana linguo,English language
Angola,Angola
Anguila,Anguilla
Anguilo,Eel
Angulo,Angle
Animalo,Animal
Ankara,Ankara
Ankro,Anchor
Anmo,Soul
"Annapolis, Maryland",Annapolis
Annapurna,Annapurna
Anodo,Anode
Antananarivo,Antananarivo
Antarktika,Antarctica
Antibiotiko,Antibiotic
Antiga e Barbuda,Antigua and Barbuda
Antimonio,Antimony
Antiqueso,Ancient history
Antoine Lavoisier,Antoine Lavoisier
Anton Chehov,Anton Chekhov
Antonio Vivaldi,Antonio Vivaldi
Antropologio,Anthropology
Anuso,Anus
Apia,Apia
Apoptozo,Apoptosis
Aprentiseso,Learning
Aprilo,April
Apro,Boar
Aquila,Aquila
Aquitania,Aquitaine
Aquo,Water
Arabia,Arabian Peninsula
Arabiana linguo,Arabic language
Aram Hachaturyan,Aram Khachaturian
Araneo,Spider
Arboro,Tree
Archimede,Archimedes
Archipelago,Archipelago
Areo,Area
Argono,Argon
Aristoteles,Aristotle
Aritmetiko,Arithmetic
Arizona,Arizona
Arjentinia,Argentina
Arjento,Silver
Arkansas,Arkansas
Arkeologio,Archaeology
Arkitekto,Architect
Arkitekturo,Architecture
Arktika Oceano,Arctic Ocean
Armadilo,Armadillo
Armenia,Armenia
Armeniana linguo,Armenian language
Armeo,Army
Arnold Schönberg,Arnold Schoenberg
Arseno,Arsenic
Arthur Conan Doyle,Arthur Conan Doyle
Arthur Holly Compton,Arthur Compton
Arthur Miller,Arthur Miller
Arthur Rimbaud,Arthur Rimbaud
Arthur Schopenhauer,Arthur Schopenhauer
Arti,Arts
Artichoko,Globe artichoke
Artifical inteligenteso,Artificial intelligence
Artisto,Artist
Arto,Art
Artrito,Arthritis
Artropodo,Arthropod
Aruba,Aruba
Arvernia,Auvergne
Asekuro,Insurance
Asmara,Asmara
Asno,Donkey
Astana,Astana
Astatino,Astatine
Asterio,Starfish
Asteroido-zono,Asteroid
Astrofiziko,Astrophysics
Astronomiala unajo,Astronomical unit
Astronomio,Astronomy
Atenti ye 11 di septembro 2001,September 11
Athina,Athens
Athos,Mount Athos
"Atlanta, Georgia",Atlanta
Atmosfero,Atmosphere
Atolo,Atoll
Atom-bombo,Nuclear weapon
Atomala nombro,Atomic number
Atomo,Atom
Auckland,Auckland
"Augusta, Maine",Augusta
Auguste Rodin,Auguste Rodin
Augustinus,Augustine of Hippo
"Austin, Texas",Austin
Australia,Australia
Australiana dolaro,Australian dollar
Austria,Austria
Austria-Hungaria,Austria-Hungary
Autismo,Autism
Avantgarde,Avant-garde
Avignon,Avignon
Axiomo,Axiom
Azerbaijan,Azerbaijan
Azia,Asia
B,B
Babilono,Babylon
Babuino,Baboon
Bagdad,Baghdad
Bahama,Bahamas
Bahrain,Bahrain
Baikal,Lake Baikal
Bakterio,Bacteria
Baku,Baku
Balaenoptera musculus,Blue Whale
Balaton,Lake Balaton
Baleari,Balearic Islands
Baleno,Whale
Baltika Maro,Baltic Sea
Bamako,Bamako
Banano,Banana
Bangkok,Bangkok
Bangladesh,Bangladesh
Bangui,Bangui
Banjul,Banjul
Barbados,Barbados
Barbra Streisand,Barbra Streisand
Barcelona,Barcelona
Bario,Barium
Basa Normandia,Basse-Normandie
Basilikata,Basilicata
Basseterre,Basseterre
Baton Rouge,Baton Rouge
Bavaria,Bavaria
Bayoneto,Bayonet
Bazalto,Basalt
Bazo,Base
Beijing,Beijing
Beirut,Beirut
Belfast,Belfast
Belgia,Belgium
Belgrade,Belgrade
Belize,Belize
Belo Horizonte,Belo Horizonte
Benin,Benin
Benito Mussolini,Benito Mussolini
Benjamin Harrison,Benjamin Harrison
Beowulf,Beowulf
Berilio,Beryllium
Berkelio,Berkelium
Berlin,Berlin
Bermuda,Bermuda
Bern,Berne
Bernhard Riemann,Bernhard Riemann
Bero,Berry
Bertolt Brecht,Bertolt Brecht
Bertrand Russell,Bertrand Russell
Betelgeuse,Betelgeuse
Bette Davis,Bette Davis
Beverly Hills,Beverly Hills
Bhutan,Bhutan
Biblo,Bible
Biciklado,Cycling
Biciklo,Bicycle
Bielorusia,Belarus
Bill Clinton,Bill Clinton
Bill Gates,Bill Gates
Bilo,Bile
Biocirkumaro,Ecosystem
Biografio,Biography
Biokemio,Biochemistry
Biologio,Biology
Birko,Birch
Biro,Beer
Bishkek,Bishkek
"Bismarck, Norda-Dakota",Bismarck
Bismuto,Bismuth
Bissau,Bissau
Bivalvo,Bivalvia
Blaise Pascal,Blaise Pascal
Blato,Cockroach
Bob Dylan,Bob Dylan
Bob Marley,Bob Marley
"Boise, Idaho",Boise
Bolivia,Bolivia
Bologna,Bologna
Booleana algebro,Boolean algebra
Bordeaux,Bordeaux
Boris Pasternak,Boris Pasternak
Borono,Boron
Bosnia e Herzegovina,Bosnia and Herzegovina
Boston,Boston
Bot,Bot
Botaniko,Botany
Botswana,Botswana
Bouvet Insulo,Bouvet Island
Bram Stoker,Bram Stoker
Brandenburg,Brandenburg
Bratislava,Bratislava
Brazilia,Brazil
Brazzaville,Brazzaville
Bremen,Bremen
Bretonia,Bretagne
Bridgetown,Bridgetown
Bristol,Bristol
British Columbia,British Columbia
Bromo,Bromine
Brunei,Brunei
Bruxel,Brussels
Bucarest,Bucharest
Budapest,Budapest
Buddy Holly,Buddy Holly
Budismo,Buddhism
Buenos Aires,Buenos Aires
"Buffalo, Nova-York",Buffalo
Bujumbura,Bujumbura
Bulgaria,Bulgaria
Burdono,Bumblebee
Burgundia,Bourgogne
Burkina Faso,Burkina Faso
Burundi,Burundi
Buster Keaton,Buster Keaton
C,C
CD,Compact Disc
Calais,Calais
Calvin Coolidge,Calvin Coolidge
Cambridge,Cambridge
Canberra,Canberra
Cannes,Cannes
Canterbury,Canterbury
Caracas,Caracas
Cardiff,Cardiff
Carl David Anderson,Carl David Anderson
Carolus Linnaeus,Carolus Linnaeus
Carson City,Carson City
Castries,Castries
Cayenne,Cayenne
Cecil Rhodes,Cecil Rhodes
Celulo,Cell
Celulozo,Cellulose
Cent-yara milito,Hundred Years' War
Centr-Amerika,Central America
Centrafrika,Central African Republic
Central Afrikana Republiko,Central African Republic
Centrala nervaro,Central nervous system
Centro,Centre
Cerebelo,Cerebellum
Cerebro,Brain
Ceres,Ceres
Cerio,Cerium
Cervo,Deer
Cesare Borgia,Cesare Borgia
Cesio,Caesium
Chad,Chad
Chamo,Chamois
Champania Ardeni,Champagne-Ardenne
Charles Baudelaire,Charles Baudelaire
Charles Darwin,Charles Darwin
Charles Dickens,Charles Dickens
Charles Fourier,Charles Fourier
Charles Lindbergh,Charles Lindbergh
Charles Thomson Rees Wilson,Charles Thomson Rees Wilson
Charles de Gaulle,Charles de Gaulle
"Charleston, Westa-Virginia",Charleston
Charlie Chaplin,Charlie Chaplin
Charlie Parker,Charlie Parker
Chechenia,Chechnya
Chefa kategorii,Fundamental
Chekia,Czech Republic
Chekoslovakia,Czechoslovakia
Chemnitz,Chemnitz
Chester Arthur,Chester A. Arthur
"Cheyenne, Wyoming",Cheyenne
Chicago,Chicago
Chili,Chile
Chimpanzeo,Chimpanzee
Chinia,China
Chinia,People's Republic of China
Chipro,Cyprus
Chitino,Chitin
Chokolado,Chocolate
Christiaan Huygens,Christiaan Huygens
Christian Dior,Christian Dior
Chuck Berry,Chuck Berry
Chuvo,Jackdaw
Cielala mekaniko,Celestial mechanics
Cielala sfero,Celestial sphere
Ciencala fiktivajo,Science fiction
Ciencala metodo,Scientific method
Cienci,Science
Cienco,Science
Cientologio,Scientology
Cigno,Swan
Cikonio,Stork
Cilindro,Cylinder
Cinematografisto,Film director
Cinemo,Film
Clark Gable,Clark Gable
Claude Monet,Claude Monet
Clement Attlee,Clement Attlee
Colombo,Colombo
"Columbia, Suda-Karolina",Columbia
"Columbus, Ohio",Columbus
Conakry,Conakry
"Concord, Nova-Hampshire",Concord
Connecticut,Connecticut
Conquistador,Conquistador
Cotonou,Cotonou
Cristoforo Colombo,Christopher Columbus
Curitiba,Curitiba
Cyberpunk,Cyberpunk
D,D
DVD,DVD
Dadaismo,Dada
Daimo,Fallow Deer
Dakar,Dakar
Damascus,Damascus
Dania,Denmark
Daniel Bernoulli,Daniel Bernoulli
Daniel Ortega,Daniel Ortega
David Livingstone,David Livingstone
Daxo,Eurasian Badger
Decembro,December
Delaware,Delaware
Delfino,Dolphin
Demokratial Republiko Kongo,Democratic Republic of the Congo
Demokratio,Democracy
Denver,Denver
Derivajo,Derivative
"Des Moines, Iowa",Des Moines
Detroit,Detroit
Dewey decimala klasifiko,Dewey Decimal Classification
Dezerto,Desert
Dhaka,Dhaka
Dhaulagiri,Dhaulagiri
Dialektiko,Dialectic
Dialekto,Dialect
Diametro,Diameter
Diana Spenser,Diana
Diftongo,Diphthong
Digestiva sistemo,Digestive system
Digestiva sistemo,Gastrointestinal tract
Dimensiono,Dimension
Dio di matro,Mother's Day
Diodo,Diode
Dislexio,Dyslexia
Disprozio,Dysprosium
Dissolvuro,Solution
Disto,Distance
Diviziono,Division
Dizzy Gillespie,Dizzy Gillespie
Djibouti,Djibouti
Dmitri Mendeleev,Dmitri Mendeleev
Dodoma,Dodoma
Doha,Doha
Dolaro di USA,United States dollar
Dominika,Dominica
Dominikana Republiko,Dominican Republic
Dominique Ingres,Jean Auguste Dominique Ingres
Dop-remilo,Rowing
Doris Lessing,Doris Lessing
"Dover, Delaware",Dover
Dramatiko,Drama
Dresden,Dresden
Dronto,Dodo
Druidismo,Druid
Dubai,Dubai
Dublin,Dublin
Duesma mondo-milito,World War II
Duke Ellington,Duke Ellington
Dungo,Fertilizer
Duopla stelo,Binary star
Dushanbe,Dushanbe
Duyongo,Dugong
Dwight D. Eisenhower,Dwight D. Eisenhower
Edgar Allan Poe,Edgar Allan Poe
Edgar Degas,Edgar Degas
Edinburgh,Edinburgh
Edmonton,Edmonton
Edmund Hillary,Edmund Hillary
Eduard Buchner,Eduard Buchner
Edukado,Animal husbandry
Edvard Grieg,Edvard Grieg
Edwin Hubble,Edwin Hubble
Efemero,Mayfly
Egiptia,Egypt
Eiffel Turmo,Eiffel Tower
Einsteinio,Einsteinium
Ekidno,Echidna
Ekino,Sea urchin
Ekliptiko,Ecliptic
Ekologio,Ecology
Ekonomiko,Economics
Ekonomiko,Economy
Elbe,Elbe
Elefanto,Elephant
Elektra rezistiero,Electrical resistance
Elektrika mashino,Electric motor
Elektro,Electricity
Elektrokemio,Electrochemistry
Elektrolito,Electrolyte
Elektrolizo,Electrolysis
Elektromagnetismo,Electromagnetism
Elektroniko,Electronics
Elektrono,Electron
Elemento,Element
Elias Canetti,Elias Canetti
Elizabeth Taylor,Elizabeth Taylor
Ella Fitzgerald,Ella Fitzgerald
Elvis Presley,Elvis Presley
Embriono,Embryo
Emilia-Romagna,Emilia-Romagna
Emoco,Emotion
Emuleso,Emulator
Emuo,Emu
Enciklopedio,Encyclopedia
Endocrinologio,Endocrinology
Energio,Energy
Enfluanto,Tributary
Enrico Caruso,Enrico Caruso
Enrico Fermi,Enrico Fermi
Ensemblo,Set
Ensemblo-teorio,Set theory
Enzimo,Enzyme
Epiko,Epic poetry
Epilepsio,Epilepsy
Epistemologio,Epistemology
Equaciono,Equation
Equador,Ecuador
Equatorala Guinea,Equatorial Guinea
Equatoro,Equator
Equinoxo,Equinox
Erasmus de Rotterdam,Desiderius Erasmus
Erbio,Erbium
Erik Axel Karlfeldt,Erik Axel Karlfeldt
Eris,Eris
Eritrea,Eritrea
Ernest Hemingway,Ernest Hemingway
Ernest Rutherford,Ernest Rutherford
Esencala oleo,Essential oil
Esperanto,Esperanto
Espoo,Espoo
Est-Germania,East Germany
Estonia,Estonia
Etiopia,Ethiopia
Eufemismo,Euphemism
Eukalipto,Eucalyptus
Euklid,Euclid
Eunuko,Eunuch
Eurazia,Eurasia
Euro,Euro
Europa,Europa
Europa,Europe
Europana Komuneso,European Community
Europana Uniono,European Union
Europio,Europium
Exponentala,Exponential function
Ezra Pound,Ezra Pound
Fairo,Fire
Faktorialo,Factorial
Falklandi,Falkland Islands
Falkono,Falcon
Faraono di Egiptia,Pharaoh
Farino,Flour
Fatah,Fatah
Febro,Fever
Februaro,February
Feko,Feces
Feldo,Field
Felix Mendelssohn,Felix Mendelssohn
Fenotipo,Phenotype
Ferdinand de Saussure,Ferdinand de Saussure
Fernão de Magalhães,Ferdinand Magellan
Fero,Iron
Fidel Castro,Fidel Castro
Fidji,Fiji
Filipini,Philippines
Filologio,Philology
Filozofio,Philosophy
Fingro,Finger
Finlando,Finland
Firenze,Florence
Fishi,Fish
Fisho,Fish
Fizikala kemio,Physical chemistry
Fiziko,Physics
Fiziologio,Physiology
Flamingo,Flamingo
Florida,Florida
Floro,Flower
Flotacinta glacimonto,Iceberg
Fluido,Fluid
Fobos,Phobos
Folio,Leaf
Folkloro,Folklore
Fonemo,Phoneme
Fonetiko,Phonetics
Fonologio,Phonology
Fonteno,Fountain
Forco,Force
Foresto,Forest
Forketo,Fork
Formiko,Ant
Fosfo,Phosphorus
Fotografio,Photography
Fotografo,Photography
Foxo,Red Fox
Fraktalo,Fractal
Franca Polinezia,French Polynesia
Francia,France
Francia-Prusia milito,Franco-Prussian War
Francio,Francium
Francis Bacon,Francis Bacon
Francis Ford Coppola,Francis Ford Coppola
Francis Poulenc,Francis Poulenc
Francis Scott Fitzgerald,F. Scott Fitzgerald
Francisco Franco,Francisco Franco
Francisco José de Goya y Lucientes,Francisco Goya
Frank Lloyd Wright,Frank Lloyd Wright
"Frankfort, Kentucky",Frankfort
Frankfurt am Main,Frankfurt
Franklin Pierce,Franklin Pierce
Franz Kafka,Franz Kafka
Franz Liszt,Franz Liszt
Fred Astaire,Fred Astaire
Frederick Soddy,Frederick Soddy
Freetown,Freetown
Frequeso,Frequency
Friedrich Barbarossa,Frederick I
Friedrich Hegel,Georg Wilhelm Friedrich Hegel
Fritz Haber,Fritz Haber
Friuli-Venezia Giulia,Friuli-Venezia Giulia
Fromajo,Cheese
Frugilego,Rook
Frukto,Fruit
Frumento,Wheat
Fulmino,Lightning
Funciono,Function
Fungi,Fungi
Futbalo,Football
Fyodor Dostoyevski,Fyodor Dostoevsky
Gabon,Gabon
Gabor Dennis,Dennis Gabor
Gaborone,Gaborone
Gabriel Lippmann,Gabriel Lippmann
Gadolino,Gadolinium
Galaxio,Galaxy
Galileo Galilei,Galileo Galilei
Galio,Gallium
Galisia,Galicia
Gamal Abdel Nasser,Gamal Abdel Nasser
Gambia,The Gambia
Ganimede,Ganymede
Gaso,Gas
Gasteropodo,Gastropoda
Genetiko,Genetics
Geno,Gene
Genève,Geneva
Geografio,Geography
Geologio,Geology
Geometrio,Geometry
George Bernard Shaw,George Bernard Shaw
George Boole,George Boole
George Bush,George Bush
George Gershwin,George Gershwin
George Harrison,George Harrison
George Orwell,George Orwell
George Paget Thomson,George Paget Thomson
George Sand,George Sand
George W. Bush,George W. Bush
George Washington,George Washington
Georges Bizet,Georges Bizet
Georges Simenon,Georges Simenon
Georgetown,Georgetown
Georgia,Georgia
Gepardo,Cheetah
Gerald Ford,Gerald Ford
Germania,Germany
Germaniana linguo,German language
Germanio,Germanium
Ghana,Ghana
Gibono,Gibbon
Gibraltar,Gibraltar
Gilotino,Guillotine
Ginekologio,Gynaecology
Giorgio de Chirico,Giorgio de Chirico
Giovanni Boccaccio,Giovanni Boccaccio
Giuseppe Garibaldi,Giuseppe Garibaldi
Giuseppe Verdi,Giuseppe Verdi
Glaciero,Glacier
Glacio,Ice
Glasnost,Glasnost
Goethe,Johann Wolfgang von Goethe
Golda Meir,Golda Meir
Golf,Golf
Golfo,Golf
Google,Google
Gorilo,Gorilla
Grado,Degree
Graham Greene,Graham Greene
Gramatiko,Grammar
Granda china muro,Great Wall of China
Graveso,Gravitation
Graz,Graz
Gregor Mendel,Gregor Mendel
Gregoriana kalendario,Gregorian calendar
Grekia,Greece
Grenada,Grenada
Grenlando,Greenland
Greta Garbo,Greta Garbo
Grilio,Cricket
Grover Cleveland,Grover Cleveland
Grozni,Grozny
Gruo,Crane
Grupo,Group
Guadelupe,Guadeloupe
Guam,Guam
Guatemala,Guatemala
Guatemala-Urbo,Guatemala City
Guayaquil,Guayaquil
Guernsey,Guernsey
Guglielmo Marconi,Guglielmo Marconi
Guillaume Apollinaire,Guillaume Apollinaire
Guinea,Guinea
Guinea Bisau,Guinea-Bissau
Guinea-Bissau,Guinea-Bissau
Gulag,Gulag
Gustav Ludwig Hertz,Gustav Ludwig Hertz
Guy de Maupassant,Guy de Maupassant
Guyana,Guyana
Göteborg,Gothenburg
H. G. Wells,H. G. Wells
Hafnio,Hafnium
Haifa,Haifa
Haiti,Haiti
Hakilo,Axe
Hamas,Hamas
Hamburg,Hamburg
Hamstro,Hamster
Hano,Chicken
Hanoi,Hanoi
Hans Christian Andersen,Hans Christian Andersen
Hansa-uniono,Hanseatic League
Harare,Harare
Haro,Hair
Harold Pinter,Harold Pinter
"Harrisburg, Pensilvania",Harrisburg
"Hartford, Connecticut",Hartford
Hastings-batalio,Battle of Hastings
Havana,Havana
Havayi,Hawaii
Heavy metal,Heavy metal music
Hector Berlioz,Hector Berlioz
Hedonismo,Hedonism
Heinrich Himmler,Heinrich Himmler
Heinrich Rudolf Hertz,Heinrich Hertz
"Helena, Montana",Helena
Helio,Helium
Helmut Schmidt,Helmut Schmidt
Helsinki,Helsinki
Henri Becquerel,Henri Becquerel
Henri Bergson,Henri Bergson
Henri Matisse,Henri Matisse
Henrik Ibsen,Henrik Ibsen
Henry Kissinger,Henry Kissinger
Herbert Hoover,Herbert Hoover
Herbert Marcuse,Herbert Marcuse
Herezio,Heresy
Herkulo,Hercules
Hermann Hesse,Hermann Hesse
Herono,Heron
Hertfordshire,Hertfordshire
Hesia,Hesse
Hideki Yukawa,Hideki Yukawa
Hidrogeno,Hydrogen
Hidrokarbido,Hydrocarbon
Hieno,Hyena
Hieronymus Bosch,Hieronymus Bosch
Higieno,Hygiene
Himalaya,Himalayas
Himenoptero,Hymenoptera
Hinduismo,Hinduism
Hipokampo,Seahorse
Hipopotamo,Hippopotamus
Hirundo,Swallow
Hispania,Spain
Hispaniana interna milito,Spanish Civil War
Histologio,Histology
Historio,History
Hizbollah,Hezbollah
Ho Chi Minh,Ho Chi Minh
Ho Chi Minh urbo,Ho Chi Minh City
Hoboyo,Oboe
Hollywood,Hollywood
Holmio,Holmium
Holoturio,Sea cucumber
Homo,Human
Homonimi,Disambiguation
Homonimo,Homonym
Honduras,Honduras
Hong Kong,Hong Kong
Honiara,Honiara
Honolulu,Honolulu
Horatio Nelson,Horatio Nelson
Horatius,Horace
Hormono,Hormone
Hosni Mubarak,Hosni Mubarak
Humphrey Bogart,Humphrey Bogart
Humuro,Humor
Hundo,Dog
Hungaria,Hungary
Hungro,Hunger
Huo,Little Owl
Ian Fleming,Ian Fleming
Iberia,Iberian Peninsula
Idaho,Idaho
Ido,Ido
Igor Stravinsky,Igor Stravinsky
Iliado,Iliad
Illinois,Illinois
Immanuel Kant,Immanuel Kant
Imposto,Tax
Incesto,Incest
Incheon,Incheon
India,India
Indiana,Indiana
Indiana Oceano,Indian Ocean
Indianapolis,Indianapolis
Indio,Indium
Indonezia,Indonesia
Industrio,Industry
Inerteso,Inertia
Inflacio,Inflation
Inflamo,Inflammation
Influenzo,Influenza
Informatik-apuntilo,Mouse
Informatiko,Computer science
Informatiko,Computing
Informo,Information
Informo-teorio,Information theory
Infra-Saxonia,Lower Saxony
Infrereda,Infrared
Ingmar Bergman,Ingmar Bergman
Ingrano,Gear
Injenior-arto,Engineering
Insekto,Insect
Insulo,Island
Insulo Vancouver,Vancouver Island
Insulo di Wight,Isle of Wight
Integro,Integer
Interfero,Interference
Intestino,Intestine
Iodo,Iodine
Iono,Ion
Iowa,Iowa
Irak,Iraq
Iran,Iran
Iridio,Iridium
Irlando,Ireland
Irlando,Republic of Ireland
Iron Maiden,Iron Maiden
Ironio,Irony
Isaac Asimov,Isaac Asimov
Isaac Bashevis Singer,Isaac Bashevis Singer
Isaac Newton,Isaac Newton
Isadora Duncan,Isadora Duncan
Islama kalendario,Islamic calendar
Islamabad,Islamabad
Islamo,Islam
Islando,Iceland
Israel,Israel
Istanbul,Istanbul
Italia,Italy
Ivan Lendl,Ivan Lendl
Ivan Pavlov,Ivan Pavlov
Jack Kerouac,Jack Kerouac
Jack Lemmon,Jack Lemmon
Jackson Pollock,Jackson Pollock
"Jackson, Mississippi",Jackson
"Jacksonville, Florida",Jacksonville
Jacques Derrida,Jacques Derrida
Jacques Offenbach,Jacques Offenbach
Jaguaro,Jaguar
Jakarta,Jakarta
Jamaika,Jamaica
James Buchanan,James Buchanan
James Cook,James Cook
James Franck,James Franck
James Garfield,James A. Garfield
James Joyce,James Joyce
James Knox Polk,James K. Polk
James Madison,James Madison
James Monroe,James Monroe
James Prescott Joule,James Prescott Joule
James Watt,James Watt
Jane Austen,Jane Austen
Jane Fonda,Jane Fonda
Janis Joplin,Janis Joplin
Januaro,January
Japonia,Japan
Java,Java
Jean Cocteau,Jean Cocteau
Jean Piaget,Jean Piaget
Jean Racine,Jean Racine
Jean Sibelius,Jean Sibelius
Jean de La Fontaine,Jean de La Fontaine
Jean-Jacques Rousseau,Jean-Jacques Rousseau
Jean-Paul Sartre,Jean-Paul Sartre
Jeddah,Jeddah
"Jefferson City, Missouri",Jefferson City
Jersey,Jersey
Jerusalem,Jerusalem
Jimi Hendrix,Jimi Hendrix
Jimmy Carter,Jimmy Carter
Jirafo,Giraffe
Jiroskopo,Gyroscope
Johann Sebastian Bach,Johann Sebastian Bach
Johannes Brahms,Johannes Brahms
Johannes Diderik van der Waals,Johannes Diderik van der Waals
Johannes Kepler,Johannes Kepler
John Adams,John Adams
John Cage,John Cage
John Galsworthy,John Galsworthy
John Lennon,John Lennon
John Maynard Keynes,John Maynard Keynes
John Quincy Adams,John Quincy Adams
John Steinbeck,John Steinbeck
John Stuart Mill,John Stuart Mill
John Tyler,John Tyler
John Wayne,John Wayne
John von Neumann,John von Neumann
Jonathan Swift,Jonathan Swift
Jordania,Jordan
Jorge Luis Borges,Jorge Luis Borges
Joseph Alois Schumpeter,Joseph Schumpeter
Joseph Conrad,Joseph Conrad
Joseph Goebbels,Joseph Goebbels
Joseph Haydn,Joseph Haydn
Joseph McCarthy,Joseph McCarthy
Judaismo,Judaism
Judala kalendario,Hebrew calendar
Judy Garland,Judy Garland
Jules Verne,Jules Verne
Juliana kalendario,Julian calendar
Julio,July
Julius Cezaro,Julius Caesar
Juneau,Juneau
Junio,June
Jupitero,Jupiter
Kabo Verda,Cape Verde
Kabo de Bon Espero,Cape of Good Hope
Kabul,Kabul
Kadmio,Cadmium
Kafeino,Caffeine
Kaiman-Insuli,Cayman Islands
Kaito,Kite
Kakatuo,Cockatoo
Kalabria,Calabria
Kalcio,Calcium
Kalendario,Calendar
Kalifornia,California
Kalifornio,Californium
Kalio,Potassium
Kalkulilo,Calculator
Kalkulo,Calculus
Kalkuta,Kolkata
Kaloro,Heat
Kambodja,Cambodia
Kamelo,Camel
Kamero,Camera
Kamerun,Cameroon
Kampala,Kampala
Kampania,Campania
Kanabo,Cannabis
Kanada,Canada
Kanarii,Canary Islands
Kanguruo,Kangaroo
Kankro-nebuloso,Crab Nebula
Kanonaro,Artillery
Kansas,Kansas
"Kansas City, Missouri",Kansas City
Kansono,Song
Kapo,Head
Kapreolo,Roe Deer
Kapro,Goat
Karachi,Karachi
Karakalo,Caracal
Karaoke,Karaoke
Karato,Carat
Karbo,Carbon
Karbo dioxido,Carbon dioxide
Karbo-kemio,Organic chemistry
Karbono,Coal
Karen Blixen,Karen Blixen
Karibeano,Caribbean
Karibeano,Caribbean Sea
Karikaturo,Caricature
Karl Jaspers,Karl Jaspers
Karl Marx,Karl Marx
Karl Popper,Karl Popper
Karl la Granda,Charlemagne
Karnivoro,Carnivore
Kartago,Carthage
Kashaloto,Sperm Whale
Kastano,Chestnut
Katalizo,Catalysis
Katalunia,Catalonia
Katar,Qatar
Katharine Hepburn,Katharine Hepburn
Katmandu,Kathmandu
Kato,Cat
Katodo,Cathode
Katowice,Katowice
Kaukazia,Caucasus
Kavalo,Horse
Kazablanka,Casablanca
Kazakstan,Kazakhstan
Kechuana linguo,Quechua
Kemia elemento,Chemical element
Kemia ligo,Chemical bond
Kemiala kompozito,Chemical compound
Kemiala reakto,Chemical reaction
Kemio,Chemistry
Kenia,Kenya
Kentucky,Kentucky
Khabarovsk,Khabarovsk
Kharkiv,Kharkiv
Khartoum,Khartoum
Kigali,Kigali
Kingston,Kingston
Kingstown,Kingstown
Kinshasa,Kinshasa
Kiragro,Gout
Kirgizistan,Kyrgyzstan
Kiribati,Kiribati
Kirila alfabeto,Cyrillic alphabet
Kirkuk,Kirkuk
Kirurgio,Surgeon
Kirurgio,Surgery
Klimato,Climate
Kloro,Chlorine
Knidulo,Cnidaria
Knut Hamsun,Knut Hamsun
Koalo,Koala
Kobalto,Cobalt
Kobayo,Guinea pig
Kocinelo,Coccinellidae
Kokaino,Cocaine
Kolda milito,Cold War
Koleoptero,Beetle
Koloido,Colloid
Kolombo,Columbidae
Kolor-blindeso,Color blindness
Kolorado,Colorado
Koloro,Color
Kolumbia,Colombia
Komerco,Commerce
Kometo,Comet
Komori,Comoros
Komuniko,Communication
Komunismo,Communism
Koncentreso-kampeyo,Internment
Koncentro,Concentration
Kondensatoro,Capacitor
Kongo,Congo
Konrad Adenauer,Konrad Adenauer
Konsonanto,Consonant
Konstantinopolo,Constantinople
Konstanto di Hubble,Hubble's law
Konstituco,Constitution
Konsumo,Consumption
Kontinento,Continent
Kontrato,Contract
Koquarto,Cooking
Korbobalono,Basketball
Kordio,Heart
Kordio-vaskularo,Cardiovascular system
Korea,Korea
Korespondado o relato,Relation
Kormorano,Cormorant
Kornwal,Cornwall
Korodo,Corrosion
Korsaro,Piracy
Korsika,Corsica
Korvo,Crow
Kosmala radii,Cosmic ray
Kosmologio,Cosmology
Kosovo,Kosovo
Kosta Rika,Costa Rica
Kotono,Cotton
Koyoto,Coyote
Kremlin,Kremlin
Kreveto,Shrimp
Kriketo,Cricket
Krimino,Crime
Kriptono,Krypton
Kristalo,Crystal
Kristalografio,Crystallography
Kristanismo,Christianity
Kroatia,Croatia
Krokodilo,Crocodile
Kromio,Chromium
Kruda formulo,Chemical formula
Krustaceo,Crustacean
Kuala Lumpur,Kuala Lumpur
Kuba,Cuba
Kubismo,Cubism
Kukombro,Cucumber
Kultelo,Knife
Kulturo,Culture
Kuntara landala produkto,Gross domestic product
Kupro,Copper
Kuriumo,Curium
Kurvo,Curve
Kuwait,Kuwait
Kuwait-Urbo,Kuwait City
Kyiv,Kiev
Köln,Cologne
København,Copenhagen
La Paz,La Paz
La Plata,La Plata
Lago,Lake
Lago Michigan,Lake Michigan
Lagos,Lagos
Lakto,Milk
Lakto-voyo,Milky Way
Lamantino,Manatee
Lamao,Llama
Lampredo,Lamprey
Lando di Loire,Pays de la Loire
"Lansing, Michigan",Lansing
Lantano,Lanthanum
Laos,Laos
Laringo,Larynx
Larvo,Larva
Las Vegas,Las Vegas
Latina alfabeto,Latin alphabet
Latitudo,Latitude
Latvia,Latvia
Lausanne,Lausanne
Lazio,Lazio
Le Corbusier,Le Corbusier
Leeds,Leeds
Leiden,Leiden
Leipzig,Leipzig
Leonardo da Vinci,Leonardo da Vinci
Leonhard Euler,Leonhard Euler
Leonid Brejnev,Leonid Brezhnev
Leono,Leo
Leono,Lion
Lepanto-batalio,Battle of Lepanto
Lesoto,Lesotho
Leukocito,White blood cell
Lev Trocki,Leon Trotsky
Levero,Lever
Lewis Carroll,Lewis Carroll
Lexikologio,Lexicology
Lhotse,Lhotse
Libano,Lebanon
Liberia,Liberia
Libia,Libya
Libreville,Libreville
Libro,Book
Liechtenstein,Liechtenstein
Ligo dil Nacioni,League of Nations
Liguria,Liguria
Lille,Lille
Lilongwe,Lilongwe
Lima,Lima
Limito,Limit
Limousin,Limousin
Lincoln,Lincoln
"Lincoln, Nebraska",Lincoln
Lincolnshire,Lincolnshire
Lineo,Line
Linguistiko,Linguistics
Linguo,Language
Linus Pauling,Linus Pauling
Liquido,Liquid
Liquoro,Liqueur
Lisboa,Lisbon
Lise Meitner,Lise Meitner
Literaturo,Literature
Litio,Lithium
Lituania,Lithuania
Ljubljana,Ljubljana
Logaritmo,Logarithm
Logiko,Logic
Lombardia,Lombardy
London,London
Long Island,Long Island
Los Angeles,Los Angeles
Lotringia,Lorraine
Louis Armstrong,Louis Armstrong
Louis Braille,Louis Braille
Louis Joseph Gay-Lussac,Joseph Louis Gay-Lussac
Louis Pasteur,Louis Pasteur
Louisiana,Louisiana
"Louisville, Kentucky",Louisville
Luanda,Luanda
Luciano Pavarotti,Luciano Pavarotti
Lud-kartaro,Card game
Ludo,Game
Ludo-teorio,Game theory
Ludwig Wittgenstein,Ludwig Wittgenstein
Ludwig van Beethoven,Ludwig van Beethoven
Luigi Pirandello,Luigi Pirandello
Lumo,Light
Lumyaro,Light-year
Luno,Moon
Lusaka,Lusaka
Lutecio,Lutetium
Luxemburg,Luxembourg
Luxemburgia,Luxembourg
Lyon,Lyon
Léman,Lake Geneva
Mach,Mach number
Madagaskar,Madagascar
Madeira,Madeira
"Madison, Wisconsin",Madison
Madrid,Madrid
Magiala quadrato,Magic square
Magnezio,Magnesium
Mahatma Gandhi,Mahatma Gandhi
Maine,Maine
Maizo,Maize
Makalu,Makalu
Makau,Macau
Malabo,Malabo
Malaizia,Malaysia
Malawi,Malawi
Maldivi,Maldives
Mali,Mali
Malta,Malta
Maltana linguo,Maltese language
Mamifero,Mammal
Mamo,Breast
Mamuto,Mammoth
Man-Insulo,Isle of Man
Managua,Managua
Manchester,Manchester
Mandjuria,Manchuria
Mangano,Manganese
Mangusto,Mongoose
Manila,Manila
Manitoba,Manitoba
Manjebla salo,Salt
Manuel de Falla,Manuel de Falla
Manuo,Hand
Mao Zedong,Mao Zedong
Maputo,Maputo
Mar-aglo,Osprey
Mar-lutro,Sea Otter
Marcel Duchamp,Marcel Duchamp
Marcel Proust,Marcel Proust
Marche,Marche
Marco Polo,Marco Polo
Margaret Mead,Margaret Mead
Margaret Thatcher,Margaret Thatcher
Mariajo,Marriage
Marie Curie,Marie Curie
Marie-Antoinette,Marie Antoinette
Marilyn Monroe,Marilyn Monroe
Mario Vargas Llosa,Mario Vargas Llosa
Mark Twain,Mark Twain
Markezo de Sade,Marquis de Sade
Marlene Dietrich,Marlene Dietrich
Marmoro,Marble
Maro,Sea
Maroko,Morocco
Marseille,Marseille
Marshall Insuli,Marshall Islands
Martelo,Hammer
Martin Heidegger,Martin Heidegger
Martin Luther,Martin Luther
Martin Luther King,Martin Luther King
Martin Scorsese,Martin Scorsese
Martin Van Buren,Martin Van Buren
Martinik,Martinique
Marto,March
Mary Shelley,Mary Shelley
Maryland,Maryland
Maseru,Maseru
Mashino,Machine
Maso,Mass
Massachusetts,Massachusetts
Mata Hari,Mata Hari
Matematiko,Mathematics
Materio,Matter
Maurice Ravel,Maurice Ravel
Maurico,Mauritius
Mauris,Mauritius
Mauritania,Mauritania
Max Born,Max Born
Max Ernst,Max Ernst
Max Planck,Max Planck
Max Weber,Max Weber
Mayo,May
Mbabane,Mbabane
Medicino,Medicine
Medikamento,Medication
Mediteraneo,Mediterranean Sea
Medulo,Bone marrow
Meduzo,Jellyfish
Mekanikala injenioruro,Mechanical engineering
Mekaniko,Mechanics
Mel Gibson,Mel Gibson
Merkatago,Marketing
Merkurio,Mercury
Merkuro,Mercury
Meskalino,Mescaline
Metabolio,Metabolism
Metafiziko,Metaphysics
Metaforo,Metaphor
Metalifo,Metallurgy
Meteorologio,Meteorology
Metonimio,Metonymy
Metrologio,Measurement
Mexikia,Mexico
Mez-epoko,Middle Ages
Michelangelo,Michelangelo
Michigan,Michigan
Mick Jagger,Mick Jagger
Midway-batalio,Battle of Midway
Migreno,Migraine
Miguel de Cervantes,Miguel de Cervantes
Mihail Bakunin,Mikhail Bakunin
Mihail Gorbachov,Mikhail Gorbachev
Mike Tyson,Mike Tyson
Mikologio,Mycology
Mikrobiologio,Microbiology
Mikronezia,Federated States of Micronesia
Milano,Milan
Miles Davis,Miles Davis
Militala,Military
Militi,War
Millard Fillmore,Millard Fillmore
Mineralogio,Mineralogy
"Minneapolis, Minnesota",Minneapolis
Minnesota,Minnesota
Minsk,Minsk
Miriapodo,Millipede
Mississippi,Mississippi
Missouri,Missouri
Mitologio,Mythology
Moblo,Furniture
Modo,Fashion
Mogadishu,Mogadishu
Moldo,Mold
Moldova,Moldova
Molekulo,Molecule
Molibdeno,Molybdenum
Molise,Molise
Molusko,Mollusca
Momento,Torque
Monako,Monaco
Monato,Month
Mondala Organizeso pri Komerco,World Trade Organization
Mondo,World
Mondo-milito,World war
Mondumo,Entertainment
Mongolia,Mongolia
Monomero,Monomer
Monrovia,Monrovia
Montana,Montana
Montenegro,Montenegro
Montevideo,Montevideo
"Montgomery, Alabama",Montgomery
Monto Blanka,Mont Blanc
Monto Everest,Mount Everest
"Montpelier, Vermont",Montpelier
Montréal,Montreal
Montserrat,Montserrat
Moravia,Moravia
Morbo,Disease
Morfemo,Morpheme
Morfologio,Morphology
Morto,Death
Moskito,Mosquito
Moskva,Moscow
Mozambik,Mozambique
Muevo,Gull
Muhamad,Muhammad
Muliero,Woman
Mumio,Mummy
Murmansk,Murmansk
Muscat,Muscat
Muskulo,Muscle
Muso,Mouse
Musono,Monsoon
Mustelido,Mustelidae
Muzeo,Museum
Muziko,Music
Myanmar,Burma
Myanmar,Myanmar
México,Mexico City
München,Munich
N'Djamena,N'Djamena
NATO,NATO
Nagasaki,Nagasaki
Nairobi,Nairobi
Naktigalo,Nightingale
Namibia,Namibia
Nanga Parbat,Nanga Parbat
Nantes,Nantes
Napalm,Napalm
Napoli,Naples
"Nashville, Tennessee",Nashville
Nassau,Nassau
Nathaniel Hawthorne,Nathaniel Hawthorne
Natro,Sodium
Naturala cienci,Natural science
Naturo,Nature
Nauru,Nauru
Navo,Ship
Nazo,Nose
Ne egaleso,Inequality
Nebraska,Nebraska
Nebuloso,Nebula
Nederlandana Antili,Netherlands Antilles
Nederlando,Netherlands
Nelson Mandela,Nelson Mandela
Nematodo,Nematode
Neodimio,Neodymium
Neologismo,Neologism
Neono,Neon
Nepal,Nepal
Neptunio,Neptunium
Neptuno,Neptune
Nervaro,Nervous system
Neurono,Neuron
Neutrono,Neutron
Nevada,Nevada
New Brunswick,New Brunswick
New York,New York City
Newfoundland e Labrador,Newfoundland and Labrador
Newport,Newport
Niamey,Niamey
Nicolas Poussin,Nicolas Poussin
Niels Bohr,Niels Bohr
Nigeria,Nigeria
Nigra Maro,Black Sea
Nigra truo,Black hole
Nijer,Niger
Nikaragua,Nicaragua
Nikelo,Nickel
Nikita Hrushchev,Nikita Khrushchev
Nikolaus Kopernikus,Nicolaus Copernicus
Nikosia,Nicosia
Niobio,Niobium
Nitro,Nitrogen
Nivo,Snow
Noam Chomsky,Noam Chomsky
Nobel-premio,Nobel Prize
Nokto,Night
Nombro,Number
Nombro,Numbers
Nord-Amerika,North America
Nord-Irlando,Northern Ireland
Nord-Korea,North Korea
Norda Maro,North Sea
Norda-Dakota,North Dakota
Norda-Karolina,North Carolina
Norman Mailer,Norman Mailer
Normandia,Normandy
Norvegia,Norway
Nostradamus,Nostradamus
Noto,Note
Nouakchott,Nouakchott
Nov-Orleans,New Orleans
Nova Scotia,Nova Scotia
Nova-Delhi,New Delhi
Nova-Hampshire,New Hampshire
Nova-Jersey,New Jersey
Nova-Kaledonia,New Caledonia
Nova-Mexikia,New Mexico
Nova-York,New York
Nova-Zelando,New Zealand
Novaya Zemlya,Novaya Zemlya
Novembro,November
Novial,Novial
Novosibirsk,Novosibirsk
Nukleo,Nucleon
Nunavut,Nunavut
Nutriva kateno,Food chain
Nutrivala adicioneso,Food additive
Nürnberg,Nuremberg
Objektema programado,Object-oriented programming
Oceania,Oceania
Oceano,Ocean
Oceano Atlantiko,Atlantic Ocean
Oceano Pacifiko,Pacific Ocean
Oceanografio,Oceanography
Ocilo,Oscillation
Odessa,Odessa
Odio,Hatred
Ohio,Ohio
Oklahoma,Oklahoma
"Oklahoma City, Oklahoma",Oklahoma City
Oktoberfest,Oktoberfest
Oktobro,October
Okulo,Eye
Oleo,Oil
"Olympia, Washington",Olympia
"Omaha, Nebraska",Omaha
Oman,Oman
Ontario,Ontario
Ontologio,Ontology
Optiko,Optics
Orangutano,Orangutan
Orbito,Orbit
Ordinatro,Computer
Oregon,Oregon
Orelo,Ear
Organika kemio,Organic chemistry
Organo,Organ
Orgeno,Organ
Origamio,Origami
Orikteropo,Aardvark
Orion,Orion
Ornitorinko,Platypus
Oro,Gold
Orson Welles,Orson Welles
Osaka,Osaka
Osama bin Laden,Osama bin Laden
Oscar Wilde,Oscar Wilde
Oslo,Oslo
Osmio,Osmium
Osto,Bone
Otomana Imperio,Ottoman Empire
Ottawa,Ottawa
Otto Hahn,Otto Hahn
Otto von Bismarck,Otto von Bismarck
Oxford,Oxford
Oximoro,Oxymoron
Oxo,Oxygen
Ozo,Monosaccharide
PH,PH
Pablo Neruda,Pablo Neruda
Pablo Picasso,Pablo Picasso
Pakistan,Pakistan
Paladio,Palladium
Palau,Palau
Paleontologio,Paleontology
Palermo,Palermo
Palestina,Palestine
Panama,Panama
Panama-Urbo,Panama City
Panama-kanalo,Panama Canal
Pando,Giant Panda
Pantero,Panthera
Papo,Pope
Papua Nov-Guinea,Papua New Guinea
Papua-Nova-Guinea,Papua New Guinea
Para-hufajo,Even-toed ungulate
Paradigmo,Paradigm
Paradoxo,Paradox
Paraguay,Paraguay
Paralaxo,Parallax
Paramaribo,Paramaribo
Pareso,Parity
Paris,Paris
Parodio,Parody
Parseko,Parsec
Parturo,Childbirth
Paruo,Tit
Pasero,House Sparrow
Paseroformi,Passeriformes
Patrick White,Patrick White
Patro nia,Lord's Prayer
Paul Gauguin,Paul Gauguin
Paul Johann Ludwig von Heyse,Paul Johann Ludwig von Heyse
Paul Klee,Paul Klee
Paul McCartney,Paul McCartney
Paul Verlaine,Paul Verlaine
Paul von Hindenburg,Paul von Hindenburg
Pavono,Peafowl
Pavoro,Fear
Pekunio,Money
Penicilino,Penicillin
Peninsulo,Peninsula
Pensilvania,Pennsylvania
Percy Bysshe Shelley,Percy Bysshe Shelley
Perestroika,Perestroika
Periodala tabelo dil elementaro,Periodic table
Pernambuco,Pernambuco
Persiana Gulfo,Persian Gulf
Personalajo,People
Peru,Peru
Pesko,Fishing
Petr-epoko,Stone Age
Petrolo,Petroleum
Pezo,Weight
Phnom Penh,Phnom Penh
"Phoenix, Arizona",Phoenix
Piemont,Piedmont
Pierre Curie,Pierre Curie
Pierre de Fermat,Pierre de Fermat
"Pierre, Suda-Dakota",Pierre
Piet Mondrian,Piet Mondrian
Pieter Zeeman,Pieter Zeeman
Pigo,European Magpie
Pikardia,Picardie
Pikto,Painting
Pinguino,Penguin
Pipro nigra,Black pepper
Piramido,Pyramid
Pirenei,Pyrenees
Pisa,Pisa
Pitagoro,Pythagoras
Planeto,Planet
Plano,Plane
Planto,Plant
Platino,Platinum
Platon,Plato
Pleyado,Pleiades
Plombo,Lead
Plutonio,Plutonium
Plutono,Pluto
Pluvo,Rain
"Plymouth, Anglia",Plymouth
Poezio,Poetry
Poitiers,Poitiers
Poitou Charentes,Poitou-Charentes
Polexo,Thumb
Policistaro,Police
Poliedro,Polyhedron
Poligono,Polygon
Polimero,Polymer
Poliomielito,Poliomyelitis
Politicala cienco,Political science
Politiko,Politics
Polo,Polo
Polonia,Poland
Polonio,Polonium
Pompo,Pump
Ponto,Bridges
Porcelano,Porcelain
Port Louis,Port Louis
Port Moresby,Port Moresby
Port Vila,Port Vila
Port-au-Prince,Port-au-Prince
Port-of-Spain,Port of Spain
Portland,Portland
"Portland, Oregon",Portland
Porto,Porto
Porto-Riko,Puerto Rico
Portugal,Portugal
Praha,Prague
Praia,Praia
Prazeodimio,Praseodymium
Preco,Price
Preso,Pressure
Pretoria,Pretoria
Prezidanto di Usa,President of the United States
Prima ministro,Prime minister
Primati,Primates
Primtipo,Archetype
Prince Edward Island,Prince Edward Island
Probableso,Probability
Probableso,Probability theory
Programado,Computer programming
Programo,Computer program
Projeto,Project
Prolog,Prolog
Prometio,Promethium
Propagado,Propaganda
Protaktinio,Protactinium
Proteino,Protein
Protono,Proton
"Providence, Rhode Island",Providence
Prusia,Prussia
Pseudonimo,Pseudonym
Psikologio,Psychology
Puglia,Apulia
Pulco,Flea
Pulmono,Lung
Pulsaro,Pulsar
Puntizo,Punctuation
Pyongyang,Pyongyang
Quadratala equaciono,Quadratic equation
Quadrato,Square
Quadrilatero,Quadrilateral
Quebec,Quebec
Queensland,Queensland
Quito,Quito
Rabat,Rabat
Rabindranath Tagore,Rabindranath Tagore
Rachel Carson,Rachel Carson
Radiko,Root
Radio,Radio
Radiumo,Radium
Radono,Radon
"Raleigh, Norda-Karolina",Raleigh
Ralph Waldo Emerson,Ralph Waldo Emerson
Rangoon,Yangon
Rapideso,Speed
Rato,Rat
Recife,Recife
Reda Maro,Red Sea
Redesko,Redshift
Regulademo,Homeostasis
Rekurso,Recursion
Religii,Religion
Religio,Religion
Rembrandt van Rijn,Rembrandt
Renio,Rhenium
Rentiro,Reindeer
Reptero,Reptile
Republiko,Republic
Republiko Kongo,Republic of the Congo
Respirala sistemo,Respiratory system
Retino,Retina
Reto,Internet
Retoriko,Rhetoric
Revo,Dream
Rhode Island,Rhode Island
Riad,Riyadh
Richard Nixon,Richard Nixon
"Richmond, Virginia",Richmond
Rido,Laughter
Riga,Riga
Rigel,Rigel
Ringo Starr,Ringo Starr
Rinocero,Rhinoceros
Rio de Janeiro,Rio de Janeiro
Rizo,Rice
Robert Andrews Millikan,Robert Andrews Millikan
Robert Hooke,Robert Hooke
Robert Oppenheimer,Robert Oppenheimer
Robert Redford,Robert Redford
Roboto,Robot
Rock,Rock music
Rodero,Rodent
Rodio,Rhodium
"Roko, Papero, Cizo",Rock
Roma,Rome
Romana kalendario,Roman calendar
Ronald Reagan,Ronald Reagan
Rosa Parks,Rosa Parks
Roseau,Roseau
Rostock,Rostock
Roto,Wheel
Rotterdam,Rotterdam
Ruanda,Rwanda
Rubidio,Rubidium
Rudyard Kipling,Rudyard Kipling
Rumania,Romania
Rusia,Russia
Rutenio,Ruthenium
Rutherford Hayes,Rutherford B. Hayes
S/2005 P 2,Nix
"Sacramento, Kalifornia",Sacramento
Saddam Hussein,Saddam Hussein
Sahara,Sahara
"Saint Louis, Missouri",St. Louis
"Saint Paul, Minnesota",Saint Paul
"Salem, Oregon",Salem
Salivo,Saliva
Salt Lake City,Salt Lake City
Salvador,Salvador
Salvadoria,El Salvador
Salzburg,Salzburg
Samario,Samarium
Samoa,Samoa
Samuel Beckett,Samuel Beckett
Samurai,Samurai
San Francisco,San Francisco
San Juan,San Juan
San Marino,San Marino
San Salvador,San Salvador
Sandro Botticelli,Sandro Botticelli
Sanskrita linguo,Sanskrit
"Santa Fe, Nova-Mexikia",Santa Fe
Santiago,Santiago
Santiago de Cuba,Santiago de Cuba
Santo Domingo,Santo Domingo
Santos,Santos
Sapporo,Sapporo
Sarajevo,Sarajevo
Sardinia,Sardinia
Sardino,Sardine
Saskatchewan,Saskatchewan
Satanismo,Satanism
Saturno,Saturn
Saudia Arabia,Saudi Arabia
Saul Bellow,Saul Bellow
Savano,Savanna
Saxonia,Saxony
Seattle,Seattle
Sekureso,Security
Selenio,Selenium
Semantiko,Semantics
Senegal,Senegal
Seoul,Seoul
Sep-yara milito,Seven Years' War
Septembro,September
Sequo,Sequence
Serbia,Serbia
Serbia e Montenegro,Serbia and Montenegro
Sergei Rachmaninoff,Sergei Rachmaninoff
Sevilla,Seville
Seycheli,Seychelles
Sfinxo,Sphinx
Shak-ludo,Chess
Shanghai,Shanghai
Sharko,Shark
Shildo,Shield
Shiva,Shiva
Siberia,Siberia
Sicilia,Sicily
Sidanta Bovo,Sitting Bull
Sierra Leone,Sierra Leone
Sifiliso,Syphilis
Sigmund Freud,Sigmund Freud
Sigrid Undset,Sigrid Undset
Silabo,Syllable
Siliko,Silicon
Silk-vermo,Bombyx mori
Silko,Silk
Simone de Beauvoir,Simone de Beauvoir
Simptomo,Symptom
Sinai,Sinai Peninsula
Sinclair Lewis,Sinclair Lewis
Singapur,Singapore
Sinonimo,Synonym
Sintaxo,Syntax
Siria,Syria
Sistemo,System
Skandinavia,Scandinavia
Skandio,Scandium
Skizofrenio,Schizophrenia
Skopje,Skopje
Skorpiono,Scorpion
Skotia,Scotland
Skrubo,Screw
Skulto,Sculpture
Skurelo,Squirrel
Slovakia,Slovakia
Slovenia,Slovenia
Smolensk,Smolensk
Socio,Society
Sociologio,Sociology
Sofiya,Sofia
Solomon-Insuli,Solomon Islands
Solstico,Solstice
Somalia,Somalia
Sombra materio,Dark matter
Somme-batalio,Battle of the Somme
Sono,Sound
Soviet-Uniono,Soviet Union
Spaco,Space
Sparta,Sparta
Specifika pezo,Density
Spencer Tracy,Spencer Tracy
Spermatozoido,Spermatozoon
Sponjo,Sponge
Sporto,Sport
Spree,Spree
"Springfield, Illinois",Springfield
Sri Lanka,Sri Lanka
St Kitts-Nevis,Saint Kitts and Nevis
St Lucia,Saint Lucia
St Peterburg,Saint Petersburg
St Vincent e Grenadini,Saint Vincent and the Grenadines
Staciono,Train station
Stando,Health
Stanley Kubrick,Stanley Kubrick
Stano,Tin
Statistiko,Statistics
Stato,State
Stelaro,Constellation
Stelo,Star
Stephen Hawking,Stephen Hawking
Stepi,Steppe
Stockholm,Stockholm
Stomako,Stomach
Stretaji,Straits
Stretajo,Strait
Strigo,Owl
Stroncio,Strontium
Strucho,Ostrich
Stuttgart,Stuttgart
Sucino,Amber
Sud-Afrika,South Africa
Sud-Amerika,South America
Sud-Korea,South Korea
Suda-Dakota,South Dakota
Suda-Karolina,South Carolina
Suda-Vietnam,South Vietnam
Sudan,Sudan
Sudoku,Sudoku
Suedia,Sweden
Suez-kanalo,Suez Canal
Suharto,Suharto
Suisia,Switzerland
Sukarno,Sukarno
Sukro,Sugar
Sulfo,Sulfur
Sumatra,Sumatra
Sun Yatsen,Sun Yat-sen
Sunala sistemo,Solar System
Sunala vento,Solar wind
Suno,Sun
Surinam,Suriname
Surrey,Surrey
Susan Sontag,Susan Sontag
Suva,Suva
Swazilando,Swaziland
Sydney,Sydney
T. S. Eliot,T. S. Eliot
Tablo,Table
Tablo-ludo,Board game
Tadjikistan,Tajikistan
Tahiti,Tahiti
Tailando,Thailand
Taipei,Taipei
Taiwan,Republic of China
Taiwan,Taiwan
Tajikistan,Tajikistan
Talio,Thallium
"Tallahassee, Florida",Tallahassee
Tallinn,Tallinn
"Tampa, Florida",Tampa
Tampere,Tampere
Tantalo,Tantalum
Tanzania,Tanzania
Tapiro,Tapir
Tashkent,Tashkent
Tasmania,Tasmania
Tauro,Taurus
Taxado,Taxation
Tbilisi,Tbilisi
Tegucigalpa,Tegucigalpa
Tehran,Tehran
Teknecio,Technetium
Teknologio,Technology
Tel Aviv,Tel Aviv
Televiziono,Television
Telurio,Tellurium
Temperaturo,Temperature
Tempo,Time
Teniso,Tennis
Tennessee,Tennessee
Teo,Tea
Teologio,Theology
Teoremo,Theorem
Teorio,Theory
Ter-tremo,Earthquake
Terbio,Terbium
Termito,Termite
Termodinamiko,Thermodynamics
Tero,Earth
Terorismo,Terrorism
Testikulo,Testicle
Texas,Texas
Theodor Mommsen,Theodor Mommsen
Theodore Roosevelt,Theodore Roosevelt
Thomas Alva Edison,Thomas Edison
Thomas Hobbes,Thomas Hobbes
Thomas Jefferson,Thomas Jefferson
Thomas Malthus,Thomas Malthus
Thomas Mann,Thomas Mann
Tigro,Tiger
Timor Leste,East Timor
Tirane,Tirana
Titanio,Titanium
Titano,Titan
Tocantins,Tocantins
Togo,Togo
Tokyo,Tokyo
Tom Hanks,Tom Hanks
Tonga,Tonga
Tony Blair,Tony Blair
"Topeka, Kansas",Topeka
Topologio,Topology
Torio,Thorium
Toro,Torus
Toronto,Toronto
Toskania,Tuscany
Toulouse,Toulouse
Tour de France,Tour de France
Trafalgar-navala batalio,Battle of Trafalgar
Transilvania,Transylvania
Transporto e cirkulo,Transportation
"Trenton, Nova-Jersey",Trenton
Triangulo,Triangle
Trier,Trier
Trigonometriala funciono,Trigonometric function
Trinidad e Tobago,Trinidad and Tobago
Tripoli,Tripoli
Triton,Triton
Tropiko di Kankro,Tropic of Cancer
Trufio,Tuber
Trygve Lie,Trygve Lie
Tuberkulozo,Tuberculosis
Tulio,Thulium
Tundra,Tundra
Tunelo sub la Mancho,Channel Tunnel
Tunis,Tunis
Tunizia,Tunisia
Turboreagilo,Jet engine
Turismo,Tourism
Turkia,Turkey
Turkmenistan,Turkmenistan
Turmo nacionala di Kanada,CN Tower
Tuvalu,Tuvalu
UN,United Nations
UTC,Coordinated Universal Time
Ucelo,Bird
Uganda,Uganda
Ukrainia,Ukraine
Ulan Bator,Ulan Bator
Ultreviolea,Ultraviolet
Ulysses S. Grant,Ulysses S. Grant
Umbria,Umbria
Unaj-internaciona sistemo,International System of Units
Unesma Mondo-milito,World War I
Unesma mondo-milito,World War I
Unglo,Nail
Unioninta Nacioni,United Nations
Unionita Araba Emirati,United Arab Emirates
Unionita Rejio,United Kingdom
Universitato,University
Universitato di Duke,Duke University
Universo,Universe
Uppsala,Uppsala
Uranio,Uranium
Urano,Uranus
Urbestro,Mayor
Urbo,Town
Urso,Bear
Uruguay,Uruguay
Usa,United States
Usana Samoa,American Samoa
Usana interna milito,American Civil War
Utah,Utah
Utensilo,Tool
Uzbekistan,Uzbekistan
Vaduz,Vaduz
Valletta,Valletta
Vanadio,Vanadium
Vancouver,Vancouver
Vanuatu,Vanuatu
Vaporomashino,Steam engine
Vaskulala cerebrala stroko,Stroke
Vatikano,Vatican City
Vaxo,Wax
Vektoro,Vector
Veloceso,Dynamics
Venero,Venus
Veneto,Veneto
Venezuela,Venezuela
Venizia,Venice
Verdun-batalio,Battle of Verdun
Vermont,Vermont
Versailles-kontrakto,Treaty of Versailles
Versailles-palaco,Palace of Versailles
Vespertilio,Bat
Vesto,Clothing
Victor Hugo,Victor Hugo
Victoria,Victoria
"Victoria, British Columbia",Victoria
Vientiane,Vientiane
Vietnam,Vietnam
Vietnam-milito,Vietnam War
Vikingo,Viking
Vilnius,Vilnius
Vincent van Gogh,Vincent van Gogh
Vino,Wine
Violaco,Rape
Virgin-Insuli Britana,British Virgin Islands
Virgin-Insuli Usana,United States Virgin Islands
Virginia,Virginia
Vito,Grape
Vitro,Glass
Vivien Leigh,Vivien Leigh
Vizajo,Face
Vladimir Lenin,Vladimir Lenin
Vladimir Nabokov,Vladimir Nabokov
Vladimir Putin,Vladimir Putin
Vladivostok,Vladivostok
Vokalo,Vowel
Volfo,Gray Wolf
Volga,Volga River
Volkano,Volcano
Voltaire,Voltaire
Vorto,Word
Vorto-libro,Dictionary
Vulvo,Vulva
Wals,Wales
Walt Disney,Walt Disney
Walt Whitman,Walt Whitman
Warszawa,Warsaw
Washington,Washington
Washington DC,Washington
Wellington,Wellington
West-Germania,West Germany
Westa-Virginia,West Virginia
Wien,Vienna
Wiesbaden,Wiesbaden
Wilhelm 2ma,William II
Wilhelm Ostwald,Wilhelm Ostwald
William Butler Yeats,William Butler Yeats
William Ewart Gladstone,William Gladstone
William Golding,William Golding
William Henry Harrison,William Henry Harrison
William Howard Taft,William Howard Taft
William McKinley,William McKinley
William Shakespeare,William Shakespeare
Willy Brandt,Willy Brandt
Windhoek,Windhoek
Winston Churchill,Winston Churchill
Wisconsin,Wisconsin
Wiskio,Whisky
Wolfgang Amadeus Mozart,Wolfgang Amadeus Mozart
Wolfgang Pauli,Wolfgang Pauli
Wolframo,Tungsten
Woodrow Wilson,Woodrow Wilson
Wyoming,Wyoming
Xenono,Xenon
Yako,Yak
Yardeko,Decade
Yaro,Year
Yaser Arafat,Yasser Arafat
Yemen,Yemen
Yiterbio,Ytterbium
Yitrio,Yttrium
Yoko Ono,Yoko Ono
Yosif Stalin,Joseph Stalin
Yugoslavia,Yugoslavia
Yuro,Law
Zachary Taylor,Zachary Taylor
Zagreb,Zagreb
Zambezi,Zambezi
Zambia,Zambia
Zanzibar,Zanzibar
Zebro,Zebra
Zero,0
Zimbabwe,Zimbabwe
Zinko,Zinc
Zirkonio,Zirconium
Zodiako,Zodiac
Zoologio,Zoology
ido,english
