Other,English
1,1
1 (numero),1 (number)
1 de augusto,August 1
1 de januario,January 1
1 de julio,July 1
1 de maio,May 1
1 de novembre,November 1
10,10
10 (numero),10 (number)
100,100
100 (numero),100 (number)
1000,1000
1000 (numero),1000 (number)
11,11
11 (numero),11 (number)
11 de novembre,November 11
11 de septembre,September 11
12,12
12 (numero),12 (number)
12 de februario,February 12
12 de octobre,October 12
13,13
13 (numero),13 (number)
14,14
14 (numero),14 (number)
14 de april,April 14
14 de februario,February 14
14 de junio,June 14
15,15
15 (numero),15 (number)
15 de augusto,August 15
16,16
16 (numero),16 (number)
17,17
17 (numero),17 (number)
17 de martio,March 17
17 de septembre,September 17
1728,1728
18,18
18 (numero),18 (number)
19,19
19 (numero),19 (number)
19 de januario,January 19
19 de martio,March 19
1900s,1900s
1920s,1920s
1930s,1930s
1940s,1940s
1950s,1950s
1960s,1960s
1970s,1970s
1980s,1980s
1990s,1990s
2,2
2 (numero),2 (number)
2 de februario,February 2
2 de martio,March 2
2 de novembre,November 2
20,20
20 (numero),20 (number)
20 de januario,January 20
21,21
21 (numero),21 (number)
21 de junio,June 21
22,22
22 (numero),22 (number)
22 de februario,February 22
23,23
23 (numero),23 (number)
23 de junio,June 23
24,24
24 (numero),24 (number)
24 de junio,June 24
24 de maio,May 24
24 de octobre,October 24
25,25
25 (numero),25 (number)
25 de martio,March 25
26,26
26 (numero),26 (number)
27,27
27 (numero),27 (number)
28,28
28 (numero),28 (number)
29,29
29 (numero),29 (number)
29 de februario,February 29
29 de junio,June 29
29 de septembre,September 29
3,3
3 (numero),3 (number)
3 de junio,June 3
30,30
30 (numero),30 (number)
31,31
31 (numero),31 (number)
31 de decembre,December 31
32,32
32 (numero),32 (number)
33,33
33 (numero),33 (number)
34,34
34 (numero),34 (number)
35,35
35 (numero),35 (number)
36,36
36 (numero),36 (number)
37,37
37 (numero),37 (number)
38,38
38 (numero),38 (number)
39,39
39 (numero),39 (number)
4,4
4 (numero),4 (number)
4 de julio,July 4
40,40
40 (numero),40 (number)
41,41
41 (numero),41 (number)
42,42
42 (numero),42 (number)
43,43
43 (numero),43 (number)
44,44
45,45
45 (numero),45 (number)
46,46
46 (numero),46 (number)
47,47
48,48
49,49
49 (numero),49 (number)
5,5
5 (numero),5 (number)
5 de novembre,November 5
50,50
50 (numero),50 (number)
51,51
52,52
53,53
54,54
55,55
56,56
57,57
58,58
59,59
6,6
6 (numero),6 (number)
6 de augusto,August 6
6 de januario,January 6
60,60
60 (numero),60 (number)
61,61
62,62
63,63
64,64
65,65
66,66
67,67
68,68
69,69
7,7
7 (numero),7 (number)
70,70
71,71
72,72
73,73
74,74
75,75
76,76
77,77
78,78
79,79
8,8
8 (numero),8 (number)
8 de decembre,December 8
80,80
80 (numero),80 (number)
81,81
82,82
83,83
84,84
85,85
86,86
87,87
88,88
89,89
9,9
9 (numero),9 (number)
90,90
91,91
92,92
93,93
94,94
95,95
96,96
97,97
98,98
99,99
A,A
ASCII,American Standard Code for Information Interchange
Aachen,Aachen
Aaron,Aaron
Abaco,Abacus
Abba,Abbot
Abdomine,Abdomen
Aborto,Abortion
Abraham,Abraham
Abstraction,Abstraction
Accordion,Accordion
Acido acetic,Acetic acid
Acne,Acne vulgaris
Acre (Brasil),Acre (state)
Actos del Apostolos,Acts of the Apostles
Adolf Hitler,Adolf Hitler
Adonis,Adonis
Advento,Advent
Affixo,Affix
Afghanistan,Afghanistan
Africa,Africa
Agnosticismo,Agnosticism
Agora,Agora
Agricultura,Agriculture
Aikido,Aikido
Alaska,Alaska
Albania,Albania
Albert Einstein,Albert Einstein
"Albuquerque, New Mexico",Albuquerque
Alfred Nobel,Alfred Nobel
Algebra,Algebra
Algeria,Algeria
Algorithmo,Algorithm
Allegoria,Allegory
Allelo,Allele
Allergia,Allergy
Alphabeto,Alphabet
Alphabeto arabe,Arabic alphabet
Alphabeto grec,Greek alphabet
Alphabeto hebree,Hebrew alphabet
Alphabeto latin,Latin alphabet
America central,Central America
America del Nord,North America
America del Sud,South America
Amor,Love
Amphitheatrum Flavium,Colosseum
Amsterdam,Amsterdam
Anabaptista,Anabaptist
Anagramma,Anagram
"Anaheim, California",Anaheim
Anatomia,Anatomy
"Anchorage, Alaska",Anchorage
Andalusia,Andalusia
Andes,Andes
Andorra,Andorra
Anemia,Anemia
Anglaterra,England
Anglicanismo,Anglicanism
Angola,Angola
Animal,Animal
Animismo,Animism
Ankara,Ankara
"Annapolis, Maryland",Annapolis
Anno,Year
Anno bissextil,Leap year
Antarctica,Antarctica
Anthropologia,Anthropology
Antichristo,Antichrist
Antigua e Barbuda,Antigua and Barbuda
Antillas Nederlandese,Netherlands Antilles
Aphorismo,Aphorism
Aphrodite,Aphrodite
Apocryphos,Apocrypha
Apollon,Apollo
Appendicitis,Appendicitis
April,April
Aqua,Water
Arabia Saudi,Saudi Arabia
Arbore,Tree
Arcadia,Arcadia
Archeologia,Archaeology
Archimedes,Archimedes
Architectura,Architecture
Ares,Ares
Argentina,Argentina
Arianismo,Arianism
Arithmetica,Arithmetic
Arma nuclear,Nuclear weapon
Armenia,Armenia
Arte,Art
Arthritis,Arthritis
Arthropodo,Arthropod
Artiodactyla,Even-toed ungulate
Artista,Artist
Aruba,Aruba
Asia,Asia
Asthma,Asthma
Astrologia,Astrology
Astronauta,Astronaut
Astronomia,Astronomy
"Atlanta, Georgia",Atlanta
Atlantis,Atlantis
Atmosphera,Atmosphere
Atomo,Atom
"Augusta, Maine",Augusta
Augustino de Hippona,Augustine of Hippo
Augusto,August
Augustus,Augustus
"Austin, Texas",Austin
Australia,Australia
Austria,Austria
Autismo,Autism
Autobiographia,Autobiography
Autor,Author
Autotropho,Autotroph
Avalanche,Avalanche
Ave Maria,Hail Mary
Azerbaidzhan,Azerbaijan
Azores,Azores
Backgammon,Backgammon
Bacterio,Bacteria
Bahrain,Bahrain
Banca,Bank
Banda de Gaza,Gaza Strip
Bangladesh,Bangladesh
Baobab,Adansonia
Baptismo,Baptism
Baptistas,Baptist
Barbados,Barbados
Barcelona,Barcelona
Base de datos,Database
Basilicata,Basilicata
Basketball,Basketball
"Baton Rouge, Louisiana",Baton Rouge
Belfast,Belfast
Belgica,Belgium
Belize,Belize
Benin,Benin
Bergen,Bergen
Berlin,Berlin
Bhutan,Bhutan
Biblia,Bible
Bielorussia,Belarus
Big Bang,Big Bang
Bill Gates,Bill Gates
Biologia,Biology
"Birmingham, Alabama",Birmingham
"Bismarck, North Dakota",Bismarck
Bisonte american,American Bison
Bit,Bit
Blaise Pascal,Blaise Pascal
Blog,Blog
Bob Dylan,Bob Dylan
"Boise, Idaho",Boise
Bolivia,Bolivia
Bombyx mori,Bombyx mori
Bosnia e Herzegovina,Bosnia and Herzegovina
"Boston, Massachusetts",Boston
Botanica,Botany
Botswana,Botswana
Boxer,Boxer (dog)
Brasil,Brazil
Brunei,Brunei
Bucarest,Bucharest
Buddha,Buddha
Buddhismo,Buddhism
Buenos Aires,Buenos Aires
Bulgaria,Bulgaria
Burkina Faso,Burkina Faso
Byte,Byte
C (linguage de programmation),C (programming language)
COBOL,COBOL
Cache,Cache
Calabria,Calabria
Calendario,Calendar
Calendario hebree,Hebrew calendar
Calendario islamic,Islamic calendar
Calendario roman,Roman calendar
California,California
Calvinismo,Calvinism
Cambodgia,Cambodia
Camelo,Bactrian Camel
Camera photographic,Camera
Camerun,Cameroon
Campania,Campania
Can,Dog
Canada,Canada
Canarias,Canary Islands
Canto,Song
Capacitor,Capacitor
Capital,Capital
Capite,Head
Capo Verde,Cape Verde
Capra,Goat
Carbon,Carbon
Carl von Linné,Carolus Linnaeus
Carnivoro,Carnivora
"Carson City, Nevada",Carson City
Cartographia,Cartography
Caseo,Cheese
Cassero automatic,Automated teller machine
Castilia,Castile (historical region)
Catalonia,Catalonia
Categoria:Afghanistan,Afghanistan
Categoria:Africa del Sud,South Africa
Categoria:Agricultura,Agriculture
Categoria:Albania,Albania
Categoria:Algebra,Algebra
Categoria:Algeria,Algeria
Categoria:America del Sud,South America
Categoria:Anatomia,Anatomy
Categoria:Andorra,Andorra
Categoria:Angola,Angola
Categoria:Anime,Anime
Categoria:Annos,Years
Categoria:Anthropologia,Anthropology
Categoria:Antigua e Barbuda,Antigua and Barbuda
Categoria:Arabia Saudi,Saudi Arabia
Categoria:Archeologia,Archaeology
Categoria:Architectura,Architecture
Categoria:Argentina,Argentina
Categoria:Arithmetica,Arithmetic
Categoria:Armenia,Armenia
Categoria:Arte,Arts
Categoria:Astrologia,Astrology
Categoria:Astronomia,Astronomy
Categoria:Astrophysica,Astrophysics
Categoria:Australia,Australia
Categoria:Austria,Austria
Categoria:Azerbaidzhan,Azerbaijan
Categoria:Bahamas,Bahamas
Categoria:Bahrain,Bahrain
Categoria:Bangladesh,Bangladesh
Categoria:Barbados,Barbados
Categoria:Belgica,Belgium
Categoria:Belize,Belize
Categoria:Benin,Benin
Categoria:Bhutan,Bhutan
Categoria:Biblia,Bible
Categoria:Bielorussia,Belarus
Categoria:Biologia,Biology
Categoria:Bolivia,Bolivia
Categoria:Bosnia e Herzegovina,Bosnia and Herzegovina
Categoria:Botanica,Botany
Categoria:Botswana,Botswana
Categoria:Brasil,Brazil
Categoria:Brunei,Brunei
Categoria:Buddhismo,Buddhism
Categoria:Bulgaria,Bulgaria
Categoria:Burkina Faso,Burkina Faso
Categoria:Burundi,Burundi
Categoria:Cambodgia,Cambodia
Categoria:Camerun,Cameroon
Categoria:Canada,Canada
Categoria:Capo Verde,Cape Verde
Categoria:Chacos,Chess
Categoria:Chad,Chad
Categoria:Chile,Chile
Categoria:Chimia,Chemistry
Categoria:China,China
Categoria:Christianismo,Christianity
Categoria:Cinema,Film
Categoria:Citate del Vaticano,Vatican City
Categoria:Clubs de football,Football (soccer) clubs
Categoria:Colombia,Colombia
Categoria:Commercio,Commerce
Categoria:Communication,Communication
Categoria:Comores,Comoros
Categoria:Corea del Nord,North Korea
Categoria:Corea del Sud,South Korea
Categoria:Cosmologia,Cosmology
Categoria:Costa Rica,Costa Rica
Categoria:Croatia,Croatia
Categoria:Crystallographia,Crystallography
Categoria:Cuba,Cuba
Categoria:Cultura,Culture
Categoria:Cypro,Cyprus
Categoria:Danmark,Denmark
Categoria:Dansa,Dance
Categoria:Datas,Days
Categoria:Demographia,Demography
Categoria:Derecto,Law
Categoria:Disambiguation,Disambiguation
Categoria:Djibouti,Djibouti
Categoria:Dominica,Dominica
Categoria:Ecologia,Ecology
Categoria:Economia,Economics
Categoria:Ecuador,Ecuador
Categoria:Education,Education
Categoria:Egypto,Egypt
Categoria:El Salvador,El Salvador
Categoria:Electronica,Electronics
Categoria:Emiratos Arabe Unite,United Arab Emirates
Categoria:Emotiones,Emotion
Categoria:Eritrea,Eritrea
Categoria:Espania,Spain
Categoria:Estonia,Estonia
Categoria:Ethica,Ethics
Categoria:Ethiopia,Ethiopia
Categoria:Europa,Europe
Categoria:Feminismo,Feminism
Categoria:Fiction,Fiction
Categoria:Fiji,Fiji
Categoria:Financia,Finance
Categoria:Finlandia,Finland
Categoria:Football,Football (soccer)
Categoria:Francia,France
Categoria:Fructo,Fruit
Categoria:Gabon,Gabon
Categoria:Gambia,The Gambia
Categoria:Genetica,Genetics
Categoria:Gente,People
Categoria:Gente britannic,British people
Categoria:Gente espaniol,Spanish people
Categoria:Gente francese,French people
Categoria:Gente hollandese,Dutch people
Categoria:Gente irlandese,Irish people
Categoria:Gente switze,Swiss people
Categoria:Geographia,Geography
Categoria:Geologia,Geology
Categoria:Geometria,Geometry
Categoria:Georgia,Georgia (country)
Categoria:Germania,Germany
Categoria:Ghana,Ghana
Categoria:Grammatica,Grammar
Categoria:Grecia,Greece
Categoria:Grenada,Grenada
Categoria:Guatemala,Guatemala
Categoria:Guerra,War
Categoria:Guerra Frigide,Cold War
Categoria:Guinea,Guinea
Categoria:Guinea Equatorial,Equatorial Guinea
Categoria:Guinea-Bissau,Guinea-Bissau
Categoria:Guyana,Guyana
Categoria:Haiti,Haiti
Categoria:Hardware,Computer hardware
Categoria:Heraldica,Heraldry
Categoria:Hinduismo,Hinduism
Categoria:Historia,History
Categoria:Honduras,Honduras
Categoria:Hungaria,Hungary
Categoria:India,India
Categoria:Indonesia,Indonesia
Categoria:Industria,Industry
Categoria:Informatica,Computer science
Categoria:Ingenieria,Engineering
Categoria:Internet,Internet
Categoria:Intertenimento,Entertainment
Categoria:Irak,Iraq
Categoria:Iran,Iran
Categoria:Irlanda,Republic of Ireland
Categoria:Irlanda,Ireland
Categoria:Irlanda del Nord,Northern Ireland
Categoria:Islam,Islam
Categoria:Islanda,Iceland
Categoria:Israel,Israel
Categoria:Italia,Italy
Categoria:Jamaica,Jamaica
Categoria:Japon,Japan
Categoria:Jocos Olympic,Olympics
Categoria:Jordania,Jordan
Categoria:Jornalismo,Journalism
Categoria:Judaismo,Judaism
Categoria:Kazakhstan,Kazakhstan
Categoria:Kenya,Kenya
Categoria:Kirghizistan,Kyrgyzstan
Categoria:Kuwait,Kuwait
Categoria:Latvia,Latvia
Categoria:Libano,Lebanon
Categoria:Liechtenstein,Liechtenstein
Categoria:Linguistica,Linguistics
Categoria:Linux,Linux
Categoria:Litteratura,Literature
Categoria:Lituania,Lithuania
Categoria:Logica,Logic
Categoria:Luxemburg,Luxembourg
Categoria:Malaysia,Malaysia
Categoria:Malta,Malta
Categoria:Mathematica,Mathematics
Categoria:Medicina,Medicine
Categoria:Mesura,Measurement
Categoria:Meteorologia,Meteorology
Categoria:Mexico,Mexico
Categoria:Mineralogia,Mineralogy
Categoria:Mobiles,Furniture
Categoria:Moldova,Moldova
Categoria:Monaco,Monaco
Categoria:Mongolia,Mongolia
Categoria:Morte,Death
Categoria:Mozambique,Mozambique
Categoria:Musica,Music
Categoria:Myanmar,Burma
Categoria:Myanmar,Myanmar
Categoria:Mythologia,Mythology
Categoria:Mythologia grec,Greek mythology
Categoria:Mythologia roman,Roman mythology
Categoria:Natura,Nature
Categoria:Nauru,Nauru
Categoria:Neurologia,Neurology
Categoria:Nicaragua,Nicaragua
Categoria:Norvegia,Norway
Categoria:Nove Zelanda,New Zealand
Categoria:Numeros,Numbers
Categoria:Oceanographia,Oceanography
Categoria:Pais Basse,Netherlands
Categoria:Pakistan,Pakistan
Categoria:Papua Nove Guinea,Papua New Guinea
Categoria:Peru,Peru
Categoria:Philippinas,Philippines
Categoria:Philosophia,Philosophy
Categoria:Phonetica,Phonetics
Categoria:Photographia,Photography
Categoria:Physica,Physics
Categoria:Physiologia,Physiology
Categoria:Pictura,Painting
Categoria:Poesia,Poetry
Categoria:Politica,Politics
Categoria:Polonia,Poland
Categoria:Porto Rico,Puerto Rico
Categoria:Portugal,Portugal
Categoria:Programmation,Computer programming
Categoria:Pseudoscientias,Pseudoscience
Categoria:Psychologia,Psychology
Categoria:Regno Unite,United Kingdom
Categoria:Religion,Religion
Categoria:Republica Centroafrican,Central African Republic
Categoria:Republica Chec,Czech Republic
Categoria:Republica Democratic del Congo,Democratic Republic of the Congo
Categoria:Republica Dominican,Dominican Republic
Categoria:Republica del Congo,Republic of the Congo
Categoria:Rhetorica,Rhetoric
Categoria:Romania,Romania
Categoria:Ruanda,Rwanda
Categoria:Russia,Russia
Categoria:Sacre Imperio Roman,Holy Roman Empire
Categoria:San Marino,San Marino
Categoria:Sanitate,Health
Categoria:Scientias,Science
Categoria:Sculptura,Sculpture
Categoria:Secunde Guerra Mundial,World War II
Categoria:Senegal,Senegal
Categoria:Serbia,Serbia
Categoria:Slovachia,Slovakia
Categoria:Slovenia,Slovenia
Categoria:Societate,Society
Categoria:Sociologia,Sociology
Categoria:Software,Software
Categoria:Statistica,Statistics
Categoria:Statos Unite de America,United States
Categoria:Suissa,Switzerland
Categoria:Svedia,Sweden
Categoria:Systema solar,Solar System
Categoria:Taiwan,Taiwan
Categoria:Tajikistan,Tajikistan
Categoria:Tanzania,Tanzania
Categoria:Technologia,Technology
Categoria:Television,Television
Categoria:Tempore,Time
Categoria:Terrorismo,Terrorism
Categoria:Theatro,Theatre
Categoria:Theologia,Theology
Categoria:Timor Oriental,East Timor
Categoria:Topologia,Topology
Categoria:Tote,Fundamental
Categoria:Tourismo,Tourism
Categoria:Transporto,Transportation
Categoria:Turchia,Turkey
Categoria:Turkmenistan,Turkmenistan
Categoria:Tuvalu,Tuvalu
Categoria:Typographia,Typography
Categoria:Uganda,Uganda
Categoria:Ukraina,Ukraine
Categoria:Union Europee,European Union
Categoria:Uzbekistan,Uzbekistan
Categoria:Venezuela,Venezuela
Categoria:Vietnam,Vietnam
Categoria:Zoologia,Zoology
Catholicismo,Catholicism
Catto,Cat
Cavallo,Horse
Cecitate,Blindness
Cellula (biologia),Cell (biology)
Centimetro,Centimetre
Ceramica,Ceramic
Cerebro,Brain
Ceres (disambiguation),Ceres
Ceres (planeta nano),Ceres (dwarf planet)
Chacos,Chess
Chad,Chad
Charles Darwin,Charles Darwin
"Charleston, West Virginia",Charleston
"Charlotte, North Carolina",Charlotte
Checoslovachia,Czechoslovakia
"Cheyenne, Wyoming",Cheyenne
Chile,Chile
Chimia,Chemistry
Chimia organic,Organic chemistry
China,People's Republic of China
Chordatos,Chordate
Christianismo,Christianity
Christophoro Columbo,Christopher Columbus
Citate del Vaticano,Vatican City
"Cleveland, Ohio",Cleveland
Clonage,Cloning
Cocina,Cooking
Coito,Sexual intercourse
Colombia,Colombia
Colonia,Cologne
Columbia Britannic,British Columbia
"Columbia, South Carolina",Columbia
"Columbus, Ohio",Columbus
Cometa,Comet
Communication,Communication
Comores,Comoros
Computator,Computer
"Concord, New Hampshire",Concord
Confession,Confession
Congresso del Statos Unite,United States Congress
Constantinopolis,Constantinople
Continente,Continent
Cooperative,Cooperative
Corea,Korea
Corea del Nord,North Korea
Corea del Sud,South Korea
Corno,Horn (anatomy)
Cosmologia,Cosmology
Costa Rica,Costa Rica
Credo catholic,Nicene Creed
Creta,Crete
Cricket,Cricket
Croatia,Croatia
Cruce,Cross
Crystallographia,Crystallography
Ctenophoro,Ctenophore
Cuba,Cuba
Cubismo,Cubism
Cultura,Culture
Curitiba,Curitiba
Dalai Lama,Dalai Lama
"Dallas, Texas",Dallas
Danmark,Denmark
Dansa,Dance
Dante Alighieri,Dante Alighieri
Dece Commandamentos,Ten Commandments
Decembre,December
Deconstruction,Deconstruction
Deimos (luna),Deimos (moon)
Deismo,Deism
Delphino,Dolphin
Democratia,Democracy
Democrito,Democritus
Demographia,Demography
Dengue,Dengue fever
"Denver, Colorado",Denver
Deo,God
Derecto,Law
Derecto de autor,Copyright
"Des Moines, Iowa",Des Moines
Determinismo,Determinism
"Detroit, Michigan",Detroit
Deuteronomio,Deuteronomy
Diabete,Diabetes mellitus
Diaspora,Diaspora
Distantia,Distance
Dodo,Dodo
Dogma,Dogma
Dominica,Sunday
Dominica (pais),Dominica
Dominio public,Public domain
Don Quixote de La Mancha,Don Quixote
"Dover, Delaware",Dover
Dresden,Dresden
Dromedario,Dromedary
Dynamica,Dynamics (physics)
E (constante mathematic),E (mathematical constant)
Ecclesia,Church
Ecclesia Catholic,Roman Catholic Church
Ecologia,Ecology
Economia,Economics
Economia,Economy
Ecuador,Ecuador
Edificio,Building
Edmund Hillary,Edmund Hillary
Education,Education
Edward Jenner,Edward Jenner
Effecto conservatorio,Greenhouse effect
Egypto,Egypt
El Greco,El Greco
"El Paso, Texas",El Paso
El Salvador,El Salvador
Electromagnetismo,Electromagnetism
Electron,Electron
Electronica,Electronics
Elegia,Elegy
Elemento (disambiguation),Element
Elemento chimic,Chemical element
Elephante,Elephant
Elijah,Elijah
Ellipse,Ellipse
Emilia-Romagna,Emilia-Romagna
Emiratos Arabe Unite,United Arab Emirates
Emoticone,Emoticon
Emulator,Emulator
Encyclopedia,Encyclopedia
Energia,Energy
Energia,Energy (society)
Enrico Fermi,Enrico Fermi
Ensemble,Set
Entropia,Entropy
Epiphania,Epiphany (Christian)
Episcopo,Bishop
Epistola 1 al Corinthios,First Epistle to the Corinthians
Epistola al Romanos,Epistle to the Romans
Epos,Epic poetry
Equation,Equation
Eris,Eris (dwarf planet)
Ernest Hemingway,Ernest Hemingway
Eros,Eros (mythology)
Erotica,Erotica
Erythrocyto,Red blood cell
Eschatologia,Eschatology
Esopo,Aesop
Espania,Spain
Esperanto,Esperanto
Essayo,Essay
Esser human,Human
Ethica,Ethics
Ethiopia,Ethiopia
Ethologia,Ethology
Etymologia,Etymology
Eucharistia,Eucharist
Euphemismo,Euphemism
Euro,Euro
Europa,Europe
Europa (mythologia),Europa (mythology)
Evangelio,Gospel
Evangelio secundo Luca,Gospel of Luke
Excommunication,Excommunication
Existentialismo,Existentialism
FORTRAN,Fortran
Fabrica,Factory
Fabula,Fable
Februario,February
Femina,Woman
Feminismo,Feminism
Ferdinando Magellanes,Ferdinand Magellan
Ferro,Iron
Fiji,Fiji
File Transfer Protocol,File Transfer Protocol
Finlandia,Finland
Florida,Florida
Football,Football (soccer)
Foreste,Forest
Formica,Ant
"Fort Worth, Texas",Fort Worth
Fractal,Fractal
Francia,France
Francis Drake,Francis Drake
"Frankfort, Kentucky",Frankfort
Frankfurt am Main,Frankfurt
Freeware,Freeware
"Fresno, California",Fresno
Friuli-Venezia Giulia,Friuli-Venezia Giulia
Funafuti,Funafuti
Fundamentalismo,Fundamentalism
Fuso horari,Time zone
Futurismo,Futurism (art)
Gabon,Gabon
Galileo Galilei,Galileo Galilei
Gallecia,Galicia (Spain)
Galles,Wales
Gambia,The Gambia
Genere (biologia),Genus
Genoma,Genome
Geographia,Geography
Geologia,Geology
Geometria,Geometry
George Bernard Shaw,George Bernard Shaw
Georgia (pais),Georgia (country)
Gepardo,Cheetah
Germania,Germany
Ghana,Ghana
Gibraltar,Gibraltar
Glandula,Gland
Glandula adrenal,Adrenal gland
Gnosticismo,Gnosticism
Go,Go (board game)
Goa,Goa
Grado,Degree
Grado (angulo),Degree (angle)
Grado Fahrenheit,Fahrenheit
Grammatica,Grammar
Gravitate,Gravitation
Grecia,Greece
Groenlandia,Greenland
Guadeloupe,Guadeloupe
Guanina,Guanine
Guerra,War
Guerra Civil American,American Civil War
Guerra Civil Espaniol,Spanish Civil War
Guerra de Independentia del Statos Unite,American Revolutionary War
Guinea,Guinea
Guinea Equatorial,Equatorial Guinea
Guinea-Bissau,Guinea-Bissau
Gynecologia,Gynaecology
Göteborg,Gothenburg
HTML,HTML
Hadj,Hajj
Haiti,Haiti
Hannibal,Hannibal
Hanoi,Hanoi
Harold Pinter,Harold Pinter
"Harrisburg, Pennsylvania",Harrisburg
"Hartford, Connecticut",Hartford
Heinrich Rudolf Hertz,Heinrich Hertz
"Helena, Montana",Helena
Helsinki,Helsinki
Hemoglobina,Hemoglobin
Hemophilia,Haemophilia
Henry,Henry (unit)
Henry Ford,Henry Ford
Heraldica,Heraldry
Heresia,Heresy
Hermeneutica,Hermeneutics
Hertz,Hertz
Heterotropho,Heterotroph
Hezbollah,Hezbollah
Hinduismo,Hinduism
Hispaniola,Hispaniola
Historia,History
Hobart,Hobart
Homosexualitate,Homosexuality
Honduras,Honduras
Hong Kong,Hong Kong
"Honolulu, Hawaii",Honolulu
"Houston, Texas",Houston
Humanismo,Humanism
Hungaria,Hungary
Hydrogeno,Hydrogen
Hypertexto,Hypertext
Hypothese,Hypothesis
Ichthyologia,Ichthyology
Ido,Ido
Immanuel Kant,Immanuel Kant
Imperator,Emperor
Imperio Ottoman,Ottoman Empire
Imperio Roman,Roman Empire
India,India
"Indianapolis, Indiana",Indianapolis
Indira Gandhi,Indira Gandhi
Indonesia,Indonesia
Informatica,Computer science
Information,Information
Ingenieria,Engineering
Insecto,Insect
Insula,Island
Insulas Falkland - Malvinas,Falkland Islands
Intelligentia,Intelligence
Intelligentia artificial,Artificial intelligence
Interlingua,Interlingua
Internet,Internet
Irak,Iraq
Iran,Iran
Iridium,Iridium
Irlanda,Ireland
Irlanda del Nord,Northern Ireland
Isaac Newton,Isaac Newton
Islam,Islam
Islanda,Iceland
Israel,Israel
Istanbul,Istanbul
Isthmo,Isthmus
Italia,Italy
Ivan Petrovich Pavlov,Ivan Pavlov
"Jackson, Mississippi",Jackson
"Jacksonville, Florida",Jacksonville
Jacques Offenbach,Jacques Offenbach
Jamaica,Jamaica
James Joyce,James Joyce
Januario,January
Japon,Japan
Java (disambiguation),Java (disambiguation)
Java (linguage de programmation),Java (programming language)
Jean Jacques Rousseau,Jean-Jacques Rousseau
Jean Piaget,Jean Piaget
Jeddah,Jeddah
"Jefferson City, Missouri",Jefferson City
Jehovah,Jehovah
Jeronimo,Jerome
Jesus Christo,Jesus
Jihad,Jihad
Jocos Olympic,Olympic Games
Johann Sebastian Bach,Johann Sebastian Bach
Johannes Calvin,John Calvin
John Napier,John Napier
Jordania,Jordan
Joseph Smith,Joseph Smith
Jovedi,Thursday
Judaismo,Judaism
Judeo,Jew
Julio,July
Julius Caesar,Julius Caesar
"Juneau, Alaska",Juneau
Junio,June
Jupiter (disambiguation),Jupiter (disambiguation)
Jupiter (mythologia),Jupiter (mythology)
Jupiter (planeta),Jupiter
Kaaba,Kaaba
Karate,Karate
Karl Barth,Karl Barth
Karl Marx,Karl Marx
Katowice,Katowice
Kazakhstan,Kazakhstan
Kenya,Kenya
Kiev,Kiev
Kilogramma,Kilogram
Kilometro,Kilometre
Kirghizistan,Kyrgyzstan
Ku Klux Klan,Ku Klux Klan
Kuwait,Kuwait
Lacte,Milk
"Lansing, Michigan",Lansing
"Las Vegas, Nevada",Las Vegas
Latino vulgar,Vulgar Latin
Latio,Lazio
Latvia,Latvia
Leon,Lion
Leonardo da Vinci,Leonardo da Vinci
Leonhard Euler,Leonhard Euler
Leucemia,Leukemia
Leucocyto,White blood cell
Libano,Lebanon
Libro,Book
Libro de Mormon,Book of Mormon
Liechtenstein,Liechtenstein
Liguria,Liguria
Lima,Lima
"Lincoln, Nebraska",Lincoln
Lingua (anatomia),Tongue
Lingua anglese,English language
Lingua arabe,Arabic language
Lingua chinese mandarin,Mandarin (linguistics)
Lingua franca,Lingua franca
Lingua german,German language
Lingua grec ancian,Ancient Greek
Lingua latin,Latin
Lingua maltese,Maltese language
Linguadoc-Rossellon,Languedoc-Roussillon
Linguage,Language
Linguage de programmation,Programming language
Linguistica,Linguistics
Linux,Linux
Lisbona,Lisbon
Litteratura,Literature
Lituania,Lithuania
Llama,Llama
Logarithmo,Logarithm
Logica,Logic
Lombardia,Lombardy
London,London
Longitude,Length
Lorraine,Lorraine (region)
"Los Angeles, California",Los Angeles
"Louisville, Kentucky",Louisville
Ludwig van Beethoven,Ludwig van Beethoven
Luna,Moon
Lunedi,Monday
Lupo gris,Gray Wolf
Lutheranismo,Lutheranism
Luxemburg,Luxembourg
Luzon,Luzon
Lynx,Lynx (web browser)
Lyon,Lyon
Macao,Macau
"Madison, Wisconsin",Madison
Madrid,Madrid
Mahatma Gandhi,Mahatma Gandhi
Mahomet,Muhammad
Maio,May
Mais,Maize
Maladia,Disease
Malaria,Malaria
Malaysia,Malaysia
Malta,Malta
Mammal,Mammal
Mammut,Mammoth
Manhattan,Manhattan
Manicheismo,Manichaeism
Manierismo,Mannerism
Manila,Manila
Mar Caribe,Caribbean Sea
Marche,Marche
Marco Polo,Marco Polo
Marie Curie,Marie Curie
Marte (disambiguation),Mars (disambiguation)
Marte (mythologia),Mars (mythology)
Martedi,Tuesday
"Martin Luther King, Jr.",Martin Luther King
Martinique,Martinique
Martio,March
Massa,Mass
Materia,Matter
Mathematica,Mathematics
Max Planck,Max Planck
Maximiano,Maximian
Mechanica quantic,Quantum mechanics
Mechanismo de recerca,Search engine
Medicamento,Medication
Medicina,Medicine
Mediterraneo,Mediterranean Sea
Megabyte,Megabyte
Memoria flash,Flash memory
"Memphis, Tennessee",Memphis
Mense,Month
Mercuridi,Wednesday
Mercurio (mythologia),Mercury (mythology)
Mercurio (planeta),Mercury (planet)
Messia,Messiah
Metallo,Metal
Meteorologia,Meteorology
Metro,Metre
Mexico,Mexico
"Miami, Florida",Miami
Michael Faraday,Michael Faraday
Miguel de Cervantes,Miguel de Cervantes
Milano,Milan
Millennio,Millennium
Millimetro,Millimetre
Million,Million
"Milwaukee, Wisconsin",Milwaukee
Mineralogia,Mineralogy
Minerva,Minerva
"Minneapolis, Minnesota",Minneapolis
Minnesota,Minnesota
Miraculo,Miracle
Mishnah,Mishnah
Modernismo,Modernism
Moldavia,Moldova
Mollusco,Mollusca
Monaco (principato),Monaco
Moneta,Money
Mongolia,Mongolia
Monotheismo,Monotheism
Montenegro,Montenegro
"Montgomery, Alabama",Montgomery
"Montpelier, Vermont",Montpelier
Moral,Morality
Morte,Death
Moscova,Moscow
Moses,Moses
Motto,Motto
Mozambique,Mozambique
Mundo,World
Musica,Music
Myanmar,Burma
Mythologia,Mythology
Mythologia grec,Greek mythology
Mythologia nordic,Norse mythology
Mythologia roman,Roman mythology
Nancy,Nancy
Napoli,Naples
"Nashville, Tennessee",Nashville
Natura,Nature
Nauru,Nauru
Navigator web,Web browser
New York (citate),New York City
New York (disambiguation),New York (disambiguation)
"Newark, New Jersey",Newark
Nicaragua,Nicaragua
Nigeria,Nigeria
Nitrogeno,Nitrogen
Noam Chomsky,Noam Chomsky
Norvegia,Norway
Nove Testamento,New Testament
Nove Zelanda,New Zealand
Novembre,November
Novial,Novial
Nucleo (biologia),Cell nucleus
Nucleo (informatica),Kernel (computer science)
Numerario,Currency
Numero,Number
Numero integre,Integer
Numero natural,Natural number
Numismatica,Numismatics
OTAN,NATO
"Oakland, California",Oakland
Oceania,Oceania
Oceano Arctic,Arctic Ocean
Oceano Atlantic,Atlantic Ocean
Oceano Indian,Indian Ocean
Oceano Pacific,Pacific Ocean
Oceanographia,Oceanography
Octobre,October
Ode,Ode
"Oklahoma City, Oklahoma",Oklahoma City
"Omaha, Nebraska",Omaha
Ontario,Ontario
Ontologia,Ontology
Opera,Opera
Orangutan,Orangutan
Organisation del Nationes Unite,United Nations
Organisation del Statos American,Organization of American States
Organismo,Organism
Organo (anatomia),Organ (anatomy)
Origen,Origen
"Orlando, Florida",Orlando
Ornithologia,Ornithology
Orthographia,Orthography
Osama bin Laden,Osama bin Laden
Oslo,Oslo
Otto von Bismarck,Otto von Bismarck
Oxygeno,Oxygen
Pablo Picasso,Pablo Picasso
Pagina web,Web page
Pais Basse,Netherlands
Pakistan,Pakistan
Paleontologia,Paleontology
Palermo,Palermo
Palestina,Palestine
Palindromo,Palindrome
Papa,Pope
Papilion,Butterfly
Papua Nove Guinea,Papua New Guinea
Paris,Paris
Patrenostre,Lord's Prayer
Patrono:AP,Main
Patrono:Bot,Bot
Patrono:Pecietta,Stub
Peccato,Sin
Pedagogia,Pedagogy
Peninsula iberic,Iberian Peninsula
Pensamento,Thought
Perception,Perception
Perm,Perm
Peru,Peru
Petroleo,Petroleum
"Philadelphia, Pennsylvania",Philadelphia
Philatelia,Philately
Philippinas,Philippines
Philologia,Philology
Philosophia,Philosophy
Phobos (luna),Phobos (moon)
"Phoenix, Arizona",Phoenix
Phonetica,Phonetics
Photosynthesis,Photosynthesis
Physica,Physics
Physica de particulas,Particle physics
Pi,Pi
"Pierre, South Dakota",Pierre
"Pittsburgh, Pennsylvania",Pittsburgh
Plachetta,Platelet
Plancton,Plankton
Planeta,Planet
Planeta terrestre,Terrestrial planet
Plantae,Plant
Plasma,Plasma (physics)
Plasma,Blood plasma
Platino,Platinum
Poesia,Poetry
Politica,Politics
Polline,Pollen
Polonia,Poland
Polytheismo,Polytheism
Pompeio Magne,Pompey
Portal:Mathematica,Mathematics
"Portland, Oregon",Portland
Porto Rico,Puerto Rico
Portugal,Portugal
Postmodernismo,Postmodernism
Potential de hydrogeno,PH
Praetor,Praetor
Praga,Prague
Premio Nobel,Nobel Prize
Primate,Primate
Prime Guerra Mundial,World War I
Prion,Prion
Protestantismo,Protestantism
Proton,Proton
"Providence, Rhode Island",Providence
Pseudoscientia,Pseudoscience
Psychiatria,Psychiatry
Psychologia,Psychology
Ptolemeo,Ptolemy
Quaternion,Quaternion
Quercus,Oak
Québec,Quebec
Rabbi,Rabbi
Radioactivitate,Radioactive decay
Radium,Radium
"Raleigh, North Carolina",Raleigh
Ratto,Rat
Regno (biologia),Kingdom (biology)
Regno Unite,United Kingdom
Reincarnation,Reincarnation
Relativitate special,Special relativity
Religion,Religion
Republica,Republic
Republica Centroafrican,Central African Republic
Republica Chec,Czech Republic
Republica Democratic del Congo,Democratic Republic of the Congo
Republica Dominican,Dominican Republic
Republica de China,Republic of China
Republica de Irlanda,Republic of Ireland
Republica del Congo,Republic of the Congo
Rete de computatores,Computer network
Rete local,Local area network
Revolution francese,French Revolution
Ribosoma,Ribosome
"Richmond, Virginia",Richmond
Rio de Janeiro,Rio de Janeiro (state)
Roald Amundsen,Roald Amundsen
Roma,Rome
Romania,Romania
Rosa,Rose
Ruanda,Rwanda
Ruby (linguage de programmation),Ruby (programming language)
Russia,Russia
Sabbato,Saturday
Sacramento,Sacrament
"Sacramento, California",Sacramento
Sacre Imperio Roman,Holy Roman Empire
Safari (navigator del web),Safari (web browser)
"Saint Louis, Missouri",St. Louis
"Saint Paul, Minnesota",Saint Paul
"Salem, Oregon",Salem
"San Antonio, Texas",San Antonio
"San Diego, California",San Diego
"San Francisco, California",San Francisco
"San José, California",San Jose
San Marino,San Marino
San Salvador,San Salvador
Sanguine,Blood
Sanitate,Health
Sanscrito,Sanskrit
"Santa Fe, New Mexico",Santa Fe
Santos,Santos (Săo Paulo)
Sardenia,Sardinia
Satellite,Satellite
Saturno (disambiguation),Saturn (disambiguation)
Saturno (planeta),Saturn
Scandinavia,Scandinavia
Scepticismo,Skepticism
Schizophrenia,Schizophrenia
Schola,School
Scholasticismo,Scholasticism
Science-fiction,Science fiction
Scientia,Science
Scientia natural,Natural science
Scientias del terra,Earth science
Scotia,Scotland
Sculptura,Sculpture
Secta,Sect
Secunda,Second
Secunde Guerra Mundial,World War II
Semantica,Semantics
Seoul,Seoul
Septembre,September
Septimana,Week
Septuaginta,Septuagint
Serbia,Serbia
Servitor,Server (computing)
Sevilla,Seville
Sexo,Sex
Sicilia,Sicily
Sigmund Freud,Sigmund Freud
Signo diacritic,Diacritic
Sito web,Website
Slovachia,Slovakia
Slovenia,Slovenia
Sociologia,Sociology
Socrates,Socrates
Sofia,Sofia
Software,Computer software
Sol,Sun
Sorbonne,Sorbonne
Soya,Soybean
Spaghetti,Spaghetti
Spam,Spam (electronic)
Spatio,Space
Specie,Species
Sphera,Sphere
Spirito Sancte,Holy Spirit
Sport,Sport
"Springfield, Illinois",Springfield
Station del anno,Season
Statistica,Statistics
Statos Unite de America,United States
Stella,Star
Stockholm,Stockholm
Structuralismo,Structuralism
Sudoku,Sudoku
Suissa,Switzerland
Sumo,Sumo
Superficie,Area
Superman,Superman
Supernova,Supernova
Svedia,Sweden
Synagoga,Synagogue
Syntaxe,Syntax
Systema International de Unitates,International System of Units
Systema de operation,Operating system
Systema lymphatic,Lymphatic system
Systema solar,Solar System
Tabella periodic del elementos,Periodic table
Tacito,Tacitus
Taekwondo,Taekwondo
Taiwan,Taiwan
Tajikistan,Tajikistan
"Tallahassee, Florida",Tallahassee
Tallinn,Tallinn
Talmud,Talmud
"Tampa, Florida",Tampa
Tanzania,Tanzania
Taoismo,Taoism
Tasmania,Tasmania
Technologia,Technology
Telecommunication,Telecommunication
Telephono mobile,Mobile phone
Television,Television
Tempore universal coordinate,Coordinated Universal Time
Terra,Earth
Testes de Jehovah,Jehovah's Witnesses
Tetragrammaton,Yahweh
Theatro,Theatre
Theologia,Theology
Theoria Chorda,String theory
Thorium,Thorium
Tibet,Tibet
Tilia,Tilia
Timor Oriental,East Timor
Tokyo,Tokyo
Tony Blair,Tony Blair
"Topeka, Kansas",Topeka
Topologia de rete,Network topology
Toronto,Toronto
Toscana,Tuscany
Tourismo,Tourism
Tradition,Tradition
Transistor,Transistor
"Trenton, New Jersey",Trenton
Triceratops,Triceratops
Trinitate,Trinity
Troposphera,Troposphere
Tsunami,Tsunami
Tuberculosis,Tuberculosis
Turchia,Turkey
Tuvalu,Tuvalu
Tycho Brahe,Tycho Brahe
UNIX,Unix
Uganda,Uganda
Ukraina,Ukraine
Union Europee,European Union
Union Sovietic,Soviet Union
Universitate,University
Ursidae,Bear
Uzbekistan,Uzbekistan
Vacca,Cattle
Vagina,Vagina
Vancouver,Vancouver
Varsovia,Warsaw
Venerdi,Friday
Venezuela,Venezuela
Venus (disambiguation),Venus (disambiguation)
Venus (mythologia),Venus (mythology)
Venus (planeta),Venus
Vertebrato,Vertebrate
Vespertilion,Bat
Vetere Testamento,Old Testament
Victoria pyrrhic,Pyrrhic victory
Vienna,Vienna
Vietnam,Vietnam
Vino,Wine
Violino,Violin
Vocabulo,Word
Vulcano,Volcano
Vulcano (mythologia),Vulcan (mythology)
Vulgata,Vulgate
Wahhabismo,Wahhabism
Walt Disney,Walt Disney
Wicca,Wicca
William Shakespeare,William Shakespeare
Wolfgang Amadeus Mozart,Wolfgang Amadeus Mozart
World Wide Web,World Wide Web
Yoga,Yoga
Zambezi,Zambezi
Zebra,Zebra
Zen,Zen
Zeus,Zeus
Zoologia,Zoology
Zoroastrismo,Zoroastrianism
Zoroastro,Zoroaster
interlingua,english
