Other,English
1,1
1 Augusti,August 1
1 Ianuarii,January 1
1 Iulii,July 1
1 Maii,May 1
1 Novembris,November 1
10,10
100,100
1000,1000
101,101
105,105
11,11
11 Novembris,November 11
11 Septembris,September 11
11 Septembris 2001,September 11
110,110
115,115
12,12
12 Februarii,February 12
12 Octobris,October 12
120,120
125,125
13,13
130,130
135,135
14,14
14 Aprilis,April 14
14 Februarii,February 14
14 Iunii,June 14
140,140
144,144
145,145
15,15
15 Augusti,August 15
150,150
155,155
16,16
160,160
165,165
17,17
17 Martii,March 17
17 Septembris,September 17
170,170
1728,1728
175,175
18,18
180,180
19,19
19 Ianuarii,January 19
19 Martii,March 19
190,190
2,2
2 Februarii,February 2
2 Martii,March 2
2 Novembris,November 2
20,20
20 Ianuarii,January 20
200,200
21,21
21 Iunii,June 21
22,22
22 Februarii,February 22
23,23
23 Iunii,June 23
24,24
24 Iunii,June 24
24 Maii,May 24
24 Octobris,October 24
25,25
25 Martii,March 25
26,26
27,27
28,28
29,29
29 Februarii,February 29
29 Iunii,June 29
29 Septembris,September 29
3,3
3 Iunii,June 3
30,30
300,300
31,31
31 Decembris,December 31
32,32
33,33
34,34
35,35
36,36
37,37
38,38
39,39
4,4
4 Iulii,July 4
40,40
400,400
41,41
42,42
43,43
44,44
45,45
46,46
47,47
48,48
49,49
5,5
5 Novembris,November 5
50,50
500,500
51,51
52,52
53,53
54,54
55,55
56,56
57,57
58,58
59,59
6,6
6 Augusti,August 6
6 Ianuarii,January 6
60,60
61,61
62,62
63,63
64,64
65,65
66,66
67,67
68,68
69,69
7,7
70,70
71,71
72,72
73,73
74,74
75,75
76,76
77,77
78,78
79,79
8,8
8 Decembris,December 8
80,80
81,81
82,82
83,83
84,84
85,85
86,86
87,87
88,88
89,89
9,9
90,90
91,91
92,92
93,93
94,94
95,95
96,96
97,97
98,98
99,99
A,A
ABC,ABC
Aarhusium,Aarhus
Abacus,Abacus
Abasci,Abkhazia
Abbas,Abbot
Abbreviatio,Abbreviation
Abecedarium,Alphabet
Abecedarium Cyrillicum,Cyrillic alphabet
Abecedarium Graecum,Greek alphabet
Abecedarium Latinum,Latin alphabet
Abel Tasman,Abel Tasman
Aberdonia,Aberdeen
Abies,Fir
Abortus,Abortion
Abraham,Abraham
Abrahamus Lincoln,Abraham Lincoln
Abrinca (flumen),Aar
Absinthium,Artemisia absinthium
Abugia,Abuja
Acacia,Acacia
Acceleratio,Acceleration
Accipitridae,Accipitridae
Accra,Accra
Accusativus,Accusative case
Acetonum,Acetone
Acetum,Vinegar
Achates,Agate
Achilles,Achilles
Acidum,Acid
Acidum aceticum,Acetic acid
Acidum aminicum,Amino acid
Acidum carbonicum,Carbonic acid
Acidum carboxylicum,Carboxylic acid
Acidum desoxyribonucleicum,DNA
Acidum formicum,Formic acid
Acidum phosphoricum,Phosphoric acid
Acidum ribonucleicum,RNA
Acidum sulphuricum,Sulfuric acid
Acinonyx,Cheetah
Acne,Acne vulgaris
Acre,Acre (state)
Actinium,Actinium
Activitates eroticae,Sexual intercourse
Actor,Actor
Actus Apostolorum,Acts of the Apostles
Adam,Adam
Adamas,Diamond
Adamus Smith,Adam Smith
Additio,Addition
Addua (praefectura Franciae),Ain
Adelhaidis,Adelaide
Adiectivum,Adjective
Adolfus Hitler,Adolf Hitler
Adolphus Eichmann,Adolf Eichmann
Adrabigania,Azerbaijan
Adrenalinum,Epinephrine
Adrochatio,Castling
Adventus,Advent
Adverbium,Adverb
Aedicula Sixtina,Sistine Chapel
Aedificium Civitatis Imperialis,Empire State Building
Aegyptus,Egypt
Aemilia et Romania,Emilia-Romagna
Aemona,Ljubljana
Aenea aetas,Bronze Age
Aeneas,Aeneas
Aeneis,Aeneid
Aeon Archaicus,Archean
Aeon Hadaicus,Hadean
Aeon Phanerozoicus,Phanerozoic
Aeon Proterozoicus,Proterozoic
Aequatio,Equation
Aequatio quadratica,Quadratic equation
Aequationes Maxwellianae,Maxwell's equations
Aequatoria,Ecuador
Aera Caenozoica,Cenozoic
Aera Mesozoica,Mesozoic
Aera Palaeozoica,Paleozoic
Aerarium Monetarium Internationale,International Monetary Fund
Aeroplanum,Aircraft
Aeroportus,Airport
Aeschylus,Aeschylus
Aesculapius,Asclepius
Aesopus,Aesop
Aestas,Summer
Aesthetica,Aesthetics
Aether (chemica),Ether
Aethiopia,Ethiopia
Aetna,Mount Etna
Aevum Cambricum,Cambrian
Aevum Carboniferum,Carboniferous
Aevum Cretaceum,Cretaceous
Aevum Devonianum,Devonian
Aevum Iurassicum,Jurassic
Aevum Ordovicicum,Ordovician
Aevum Permianum,Permian
Aevum Siluricum,Silurian
Aevum Triassicum,Triassic
Affixum,Affix
Afgania,Afghanistan
Africa,Africa
Agamemnon,Agamemnon
Agar,Agar
Agatha Christie,Agatha Christie
Ager (mensura),Acre
Ager Merulensis,Kosovo
Agnatha,Agnatha
Agricultura,Agriculture
Agrigentum,Agrigento
Alabama,Alabama
Alasca,Alaska
Albania,Albania
Albanus Berg,Alban Berg
Alberta,Alberta
Albertus Arnoldus Gore,Al Gore
Albertus Camus,Albert Camus
Albertus Einstein,Albert Einstein
Albertus Schweitzer,Albert Schweitzer
Albertus Speer,Albert Speer
Albis,Elbe
Alcaeda,Al-Qaeda
Alcanum,Alkane
Alces,Moose
Alchemia,Alchemy
Alcohol,Alcohol
Alcoholismus,Alcoholism
Aldehydum,Aldehyde
Alea,Dice
Aleatorium,Casino
Alexander,Alexander
Alexander Botticelli,Sandro Botticelli
Alexander Dumas (pater),Alexandre Dumas
Alexander Fleming,Alexander Fleming
Alexander Magnus,Alexander the Great
Alexander Pope,Alexander Pope
Alexander Puskin,Alexander Pushkin
Alexander Solzhenitsyn,Aleksandr Solzhenitsyn
Alexander VI,Pope Alexander VI
Alexandria Arachosia,Kandahar
Alexandria Magna,Alexandria
Alexis de Tocqueville,Alexis de Tocqueville
Alfredus (rex Anglorum),Alfred the Great
Alfredus Hitchcock,Alfred Hitchcock
Alfredus Russel Wallace,Alfred Russel Wallace
Alfus,Elf
Alga,Algae
Algebra,Algebra
Algeria,Algiers
Algerium,Algeria
Alimentum,Food
Alkalium,Base (chemistry)
Alkenum,Alkene
Alkinum,Alkyne
Allium,Garlic
Allosaurus,Allosaurus
Aloisius Galvanus,Luigi Galvani
Alopex lagopus,Arctic fox
Alpes,Alps
Alpha,Alpha (letter)
Alpha Centauri,Alpha Centauri
Altai,Altay Mountains
Altare,Altar
Aluminium,Aluminium
Alvar Aalto,Alvar Aalto
Alvei profluvium,Diarrhea
Amadeus Avogadro,Amedeo Avogadro
Amazonum flumen,Amazon River
Ambrosius,Ambrose
America Latina,Latin America
America Meridionalis,South America
America Septentrionalis,North America
Americium,Americium
Americus Vespucius,Amerigo Vespucci
Amethystus,Amethyst
Amiralis,Emir
"Amletus, Princeps Daniae",Hamlet
Amor,Love
Amphibia,Amphibian
Amphitheatrum,Amphitheatre
Amphitheatrum Flavium,Colosseum
Amphora,Amphora
Amstelodamum,Amsterdam
Amun,Amun
Anabaptistae,Anabaptist
Anacyclismus,Recycling
Anaemia,Anemia
Anagramma,Anagram
Ananas comosus,Pineapple
Anarchia,Anarchy
Anarchismus,Anarchism
Anas (avis),Duck
Anas platyrhynchos,Mallard
Anatolius France,Anatole France
Anatomia,Anatomy
Anaxagoras,Anaxagoras
Anaximander,Anaximander
Ancora,Anchor
Ancoraria (Alasca),Anchorage
Ancyra,Ankara
Andes,Andes
Andorra,Andorra
Andreas Celsius,Anders Celsius
Andreas Jackson,Andrew Jackson
Andreas Johnson,Andrew Johnson
Andreas Lloyd Webber,Andrew Lloyd Webber
Andreas Palladius,Andrea Palladio
Andreas Sacharov,Andrei Sakharov
Andreas Warhol,Andy Warhol
Andromeda (discretiva),Andromeda
Andromeda (sidus),Andromeda (constellation)
Anethum,Dill
Angelopolis,Los Angeles
Angelus,Angel
Anglia,England
Angolia,Angola
Anguilliformes,Eel
Anicius Manlius Torquatus Severinus Boethius,Anicius Manlius Severinus Boethius
Anima,Soul
Animalia,Animal
Anime,Anime
Anisatum,Liqueur
Anna Bolina,Anne Boleyn
Annapolis,Annapolis
Annelida,Annelid
Anno Domini,Anno Domini
Annuntiatio,Annunciation
Annus,Year
Annus bisextilis,Leap year
Anscharius Wilde,Oscar Wilde
Anseriformes,Anseriformes
Antananarivo,Antananarivo
Antarctica,Antarctica
Anthopege,Bloemfontein
Anthropologia,Anthropology
Antigone,Antigone
Antillae Magnae,Greater Antilles
Antillae Nederlandiae,Netherlands Antilles
Antiochia,Antakya
Antipapa,Antipope
Antiqua et Barbuda,Antigua and Barbuda
Antisemitismus,Antisemitism
Antlia (sidus),Antlia
Antonius Blair,Tony Blair
Antonius Bruckner,Anton Bruckner
Antonius Hopkins,Anthony Hopkins
Antonius Laurentius Lavoisier,Antoine Lavoisier
Antonius Stradivarius,Antonio Stradivari
Antonius Vivaldi,Antonio Vivaldi
Antverpia (provincia),Antwerp (province)
Antwerpium,Antwerp
Anubis,Anubis
Anus,Anus
Aorta,Aorta
Aphrodite,Aphrodite
Apia,Apia
Apiaceae,Apiaceae
Apidae,Bee
Apium,Celery
Apocalypsis Ioannis,Book of Revelation
Apocrypha,Apocrypha
Apollo,Apollo
Apparatus circulatorius,Circulatory system
Apparatus digestorius,Gastrointestinal tract
Aprilis,April
Apulia,Apulia
Apus (sidus),Apus
Aqua,Water
Aqua cadens,Waterfall
Aquae Mattiacae,Wiesbaden
Aquae Sulis,Bath
Aquae ductus,Aqueduct
Aquamarina,Aquamarine
Aquarium,Aquarium
Aquarius (sidus),Aquarius (constellation)
Aquila,Eagle
Aquila (Italia),L'Aquila
Aquila (sidus),Aquila (constellation)
Aquila chrysaetos,Golden Eagle
Aquilus,Brown
Aquincum,Budapest
Aquisgranum,Aachen
Aquitania (regio Franciae),Aquitaine
Ara (sidus),Ara (constellation)
Arabes,Arab
Arabia,Arabian Peninsula
Arabia Saudiana,Saudi Arabia
Araceae,Araceae
Arachnida,Arachnid
Aragonia,Aragon
Aram Khachaturian,Aram Khachaturian
Araneae,Spider
Ararat,Mount Ararat
Arbor,Tree
Arbor natalicia,Christmas tree
Arcadia (nomus Graeciae),Arcadia
Arcansia,Arkansas
Archaeologia,Archaeology
Archangelus,Archangel
Archangelus Corelli,Arcangelo Corelli
Archiepiscopus,Archbishop
Archimedes,Archimedes
Archipelagus,Archipelago
Architectura,Architecture
Architectura gothica,Gothic architecture
Archivum,Archive
Archosauria,Archosaur
Arcus (architectura),Arch
Arcus (arma),Bow (weapon)
Arcus (caelestis),Rainbow
Ardea (avis),Heron
Arduenna (praefectura Franciae),Ardennes (department)
Arecanum,Arnhem
Arelate,Arles
Argentaria,Bank
Argentaria Europaea centralis,European Central Bank
Argentaria Mundana,World Bank
Argentaria centralis,Central bank
Argentina,Argentina
Argentoratum,Strasbourg
Argentum,Silver
Argon,Argon
Argos,Argos
Arianismus,Arianism
Aries (sidus),Aries (constellation)
Aristophanes,Aristophanes
Aristoteles,Aristotle
Arithmetica,Arithmetic
Aritudo,Drought
Arizona,Arizona
Arma,Weapon
Armandus Ioannes Plessaeus de Richelieu,Cardinal Richelieu
Armenia,Armenia
Arminius,Arminius
Arnoldus Schoenberg,Arnold Schoenberg
Ars,Art
Ars grammatica,Grammar
Ars rhetorica,Rhetoric
Arsenicum,Arsenic
Artemis,Artemis
Arteria,Artery
Arthropoda,Arthropod
Arthurus Conan Doyle,Arthur Conan Doyle
Arthurus Rex,King Arthur
Arthurus Rimbaud,Arthur Rimbaud
Arthurus Schopenhauer,Arthur Schopenhauer
Arthurus Wellesley,Arthur Wellesley
Artiodactyla,Even-toed ungulate
Arturus Toscanini,Arturo Toscanini
Arvernia,Auvergne (region)
Arx Vorthensis,Fort Worth
Ascensio recta,Right ascension
Asgard,Asgard
Asia,Asia
Asinus,Donkey
Asio,Owl
Asloa,Oslo
Asmara,Asmara
Aspadana,Esfahan
Assindia,Essen
Assyria,Assyria
Astana,Astana
Astatinum,Astatine
Asteraceae,Asteraceae
Asteroides,Asteroid
Asthma bronchiale,Asthma
Astrachanum,Astrakhan
Astronauta,Astronaut
Astronomia,Astronomy
Astronomus,Astronomer
Astrum,Star
Athena,Athena
Athenae,Athens
Athesis,Adige
Atlanta (Georgia),Atlanta
Atlantis insula,Atlantis
Atlas (discretiva),Atlas (disambiguation)
Atlas (mythologia),Atlas (mythology)
Atolu,Atoll
Atomus,Atom
Atreus,Atreus
Attalea,Antalya
Attica,Attica
Attila,Attila the Hun
Aucopolis,Auckland
Augusta (Cenomannica),Augusta
Augusta Treverorum,Trier
Augustinus,Augustine of Hippo
Augustus,August
Augustus Rodin,Auguste Rodin
Augustus Strindberg,August Strindberg
Auriga (sidus),Auriga (constellation)
Auris,Ear
Aurora (discretiva),Aurora
Aurum,Gold
Austinopolis,Austin
Australia,Australia
Australia Australis,South Australia
Australia Borealis,Northern Territory
Australia Occidentalis,Western Australia
Australopithecus,Australopithecus
Austria,Austria
Autismus,Autism
Autocinetum,Automobile
Autocinetum onerarium,Truck
Autocurrus armatus,Tank
Autricum,Chartres
Autumnus,Autumn
Ave Maria,Hail Mary
Avena,Avena
Avena sativa,Oat
Avenio,Avignon
Averroes,Averroes
Aves,Bird
Avicenna,Avicenna
Avifer aureus,Golden Retriever
Axioma,Axiom
Axon,Axon
Ayn Rand,Ayn Rand
Azores,Azores
Azteci,Aztec
B,B
Babylon,Babylon
Bacterium,Bacteria
Bagdatum,Baghdad
Baharina,Bahrain
Baiona,Bayonne
Baku,Baku
Balaena,Whale
Baltimora,Baltimore
Bamako,Bamako
Bambuseae,Bamboo
Banana,Banana
Bangkok,Bangkok
Bangladesha,Bangladesh
Bangui,Bangui
Banjul,Banjul
Baptismus,Baptism
Barbata,Barbados
Barcino,Barcelona
Barium (elementum),Barium
Barium (urbs Italica),Bari
Barocus,Baroque
Baryon,Baryon
Basic,BASIC
Basilia (urbs),Basel
Basilica,Basilica
Basilicum,Basil
Basilius Kandinsky,Wassily Kandinsky
Basilius Magnus,Basil of Caesarea
Basipila,Baseball
Batavia (urbs),Jakarta
Bauzanum,Bolzano
Bavaria,Bavaria
Beda,Bede
Beigus,Bey
Belavia,Palau
Belgia,Belgium
Belgradum,Belgrade
Beliza,Belize
Bella Balcanica,Balkan Wars
Bella Coitionum,Napoleonic Wars
Bella Rosarum,Wars of the Roses
Belli scelus,War crime
Bellum,War
Bellum Centum Annorum,Hundred Years' War
Bellum Civile Americanum,American Civil War
Bellum Civile Anglicum,English Civil War
Bellum Civile Hispanicum,Spanish Civil War
Bellum Coreanum,Korean War
Bellum Frigidum,Cold War
Bellum Indosinense II,Vietnam War
Bellum Orbis Terrarum I,World War I
Bellum Orbis Terrarum II,World War II
Bellum Peloponnesiacum,Peloponnesian War
Bellum Sex Dierum,Six-Day War
Bellum Sinus Persici Alterum,Gulf War
Bellum Sinus Persici Primum,Iran-Iraq War
Bellum Troianum,Trojan War
Bellum civile,Civil war
Bellum tricennale,Thirty Years' War
Bengalurus,Bangalore
Beniamin Harrison,Benjamin Harrison
Beniaminus Britten,Benjamin Britten
Beniaminus Disraeli,Benjamin Disraeli
Beniaminus Franklin,Benjamin Franklin
Beninum,Benin
Benitus Mussolini,Benito Mussolini
Beowulf,Beowulf
Berga,Bergen
Berkelium,Berkelium
Bermuda,Bermuda
Berna (urbs),Berne
Beroea (Syria),Aleppo
Berolinum,Berlin
Bertoldus Brecht,Bertolt Brecht
Beryllium,Beryllium
Beryllus,Beryl
Berytus,Beirut
Beta,Beta (letter)
Bethleem,Bethlehem
Betula,Birch
Biblia,Bible
Biblia Vulgata,Vulgate
Bibliotheca,Library
Bilis,Bile
Biochemia,Biochemistry
Biographia,Biography
Biologia,Biology
Biologia molecularis,Molecular biology
Biota,Life
Biotechnologia,Biotechnology
Birmania,Burma
Birota,Bicycle
Birotatio,Cycling
Bisemutum,Bismuth
Bissau,Bissau
Bithynia,Bithynia
Bivalvia,Bivalvia
Blasius Pascalis,Blaise Pascal
Blattodea,Cockroach
Bohemia,Bohemia
Bohemoslovacia,Czechoslovakia
Bohrium,Bohrium
Bolivia,Bolivia
Bomba atomica,Nuclear weapon
Bombyx,Bombyx mori
Bonaëropolis,Buenos Aires
Bonna,Bonn
Bononia,Bologna
Borium,Boron
Borussia,Prussia
Bos,Cattle
Bosnia et Herzegovina,Bosnia and Herzegovina
Boson,Boson
Bosporus,Bosporus
Bostonia,Boston
Botanica,Botany
Botsuana,Botswana
Bovidae,Bovid
Bracara Augusta,Braga
Brandenburgum,Brandenburg
Brasilia,Brazil
Brassicaceae,Brassicaceae
Bratislava,Bratislava
Brazzaville,Brazzaville
Brema,Bremen
Bressicia,Brest
Brestia,Brest
Brisbana,Brisbane
Bristelmestuna,Brighton
Bristolium,Bristol
Britannia Maior,Great Britain
Britannia Minor,Bretagne
Britanniarum Regnum,United Kingdom
Brixia,Brescia
Bromum,Bromine
Brugae,Bruges
Bruna,Brno
Brundisium,Brindisi
Bruneium,Brunei
Brunsvicum,Braunschweig
Bruxellae,Brussels
Bubastis dea,Bast (mythology)
Bucaresta,Bucharest
Buddhismus,Buddhism
Bufalum,Buffalo
Buiumbura,Bujumbura
Bulgaria,Bulgaria
Burdigala,Bordeaux
Burgundia (regio Franciae),Bourgogne
Burkina,Burkina Faso
Bursa,Stock exchange
Buster Keaton,Buster Keaton
Butania,Bhutan
Butanum,Butane
Butyrum,Butter
Bydgostia,Bydgoszcz
C,C
C (lingua programmandi),C (programming language)
Cabaret,Cabaret
Cabura,Kabul
Cadaver animatum,Zombie
Cadmium,Cadmium
Cadmus,Cadmus
Caecilius Ioannes Rhodes,Cecil Rhodes
Caelum,Heaven
Caelum (sidus),Caelum
Caeruleus,Blue
Caesar Borgia,Cesare Borgia
Caesaraugusta,Zaragoza
Caesarea insula,Jersey
Caesium,Caesium
Caienna,Cayenne
Caietanus Donizetti,Gaetano Donizetti
Cairus,Cairo
Calabria,Calabria
Calcedonius,Chalcedony
Calcium,Calcium
Calculus,Calculus
Calendarium,Calendar
Calendarium Gregorianum,Gregorian calendar
Calendarium Hebraicum,Hebrew calendar
Calendarium Iulianum,Julian calendar
Calendarium Romanum,Roman calendar
Caletum,Calais
Caliburnus,Excalibur
California,California
California Inferior,Baja California
Californium,Californium
Caligula,Caligula
Calipha,Caliph
Calligraphia,Calligraphy
Calliope,Calliope
Callisto,Callisto (mythology)
Callisto (satelles),Callisto (moon)
Calpe,Gibraltar
Calva,Skull
Calvados (praefectura Franciae),Calvados
Calvinus Coolidge,Calvin Coolidge
Calypso,Calypso (mythology)
Cambosia,Cambodia
Cambria,Wales
Camelus,Camel
Camelus bactrianus,Bactrian Camel
Camelus dromedarius,Dromedary
Camera Repraesentantum Civitatum Foederatarum,United States House of Representatives
Cameronia,Cameroon
Camicaze,Kamikaze
Campana,Bell (instrument)
Campania,Campania
Campania et Arduenna,Champagne-Ardenne
Campi,Las Vegas
Campifons (Illinoesia),Springfield
Canada,Canada
Canariae Insulae,Canary Islands
Canberra,Canberra
Cancer,Crab
Cancer (morbus),Cancer
Cancer (sidus),Cancer (constellation)
Cancer mammae,Breast cancer
Cancer pulmonum,Lung cancer
Cancri tropicus,Tropic of Cancer
Canidae,Canidae
Canis,Dog
Canis Maior (sidus),Canis Major
Canis Minor (sidus),Canis Minor
Cannabis,Cannabis
Canoe (Francia),Cannes
Cantabrigia,Cambridge
Cantabrigia (discretiva),Cambridge (disambiguation)
Cantabrigia iuxta Flumen Carolanum,Cambridge
Canticum Canticorum,Song of Solomon
Cantium,Kent
Cantuaria,Canterbury
Canus,Grey
Capitale,Capital (economics)
Capitalismus,Capitalism
Cappa,Kappa
Capra,Goat
Capricorni tropicus,Tropic of Capricorn
Capricornus (sidus),Capricornus
Capsicum,Capsicum
Caput,Head
Caput (urbs),Capital
Caracae,Caracas
Caracal,Caracal
Carate,Karate
Carbonium,Carbon
Carbunculus,Ruby
Carcharodon carcharias,Great white shark
Cardinalis,Cardinal (Catholicism)
Cardiologia,Cardiology
Carina (sidus),Carina (constellation)
Carlotta (Carolina Septentrionalis),Charlotte
Carnatica,Karnataka
Carnelevarium,Carnival
Carnivora,Carnivora
Caro,Meat
Carolina Meridionalis,South Carolina
Carolina Septentrionalis,North Carolina
Carolinus Chaplin,Charlie Chaplin
Carolopolis (Virginia Occidentalis),Charleston
Carolus Barth,Karl Barth
Carolus Baudelarius,Charles Baudelaire
Carolus Calvus,Charles the Bald
Carolus Dickens,Charles Dickens
Carolus Linnaeus,Carolus Linnaeus
Carolus Magnus,Charlemagne
Carolus Maria de Weber,Carl Maria von Weber
Carolus Marx,Karl Marx
Carolus Orff,Carl Orff
Carolus Popper,Karl Popper
Carolus Princeps Cambriae,Charles
Carolus Robertus Darwin,Charles Darwin
Carolus Theodorus Jaspers,Karl Jaspers
Carolus de Gaulle,Charles de Gaulle
Carota,Carrot
Carthago Nova,Cartagena
Cary Grant,Cary Grant
Caryophyllales,Caryophyllales
Casachia,Kazakhstan
Casanum,Kazan
Caseus,Cheese
Cassiopeia (sidus),Cassiopeia (constellation)
Cassuvium,Cashew
Castanea,Chestnut
Castella,Castile (historical region)
Castra ad captivos concludendos posita,Internment
Castrum Danorum,Tallinn
Casus genetivus,Genitive case
Catalonia,Catalonia
Categoria:Aegyptus,Egypt
Categoria:Aequatoria,Ecuador
Categoria:Aerinavigatio,Aviation
Categoria:Aethiopia,Ethiopia
Categoria:Afgania,Afghanistan
Categoria:Africa,Africa
Categoria:Africa Australis,South Africa
Categoria:Agricultura,Agriculture
Categoria:Alabama,Alabama
Categoria:Albania,Albania
Categoria:Algebra,Algebra
Categoria:Algerium,Algeria
Categoria:Alimenta,Nutrition
Categoria:Alpes,Alps
Categoria:America Meridionalis,South America
Categoria:America Septentrionalis,North America
Categoria:Anatomia,Anatomy
Categoria:Andorra,Andorra
Categoria:Anglia,England
Categoria:Angolia,Angola
Categoria:Anthropologia,Anthropology
Categoria:Antisemitismus,Antisemitism
Categoria:Apparatus digestorius,Digestive system
Categoria:Architectura,Architecture
Categoria:Argentina,Argentina
Categoria:Arizona,Arizona
Categoria:Ars,Arts
Categoria:Ars grammatica,Grammar
Categoria:Asia,Asia
Categoria:Astronomia,Astronomy
Categoria:Australia,Australia
Categoria:Austria,Austria
Categoria:Bavaria,Bavaria
Categoria:Belgia,Belgium
Categoria:Bella,War
Categoria:Bellum Orbis Terrarum I,World War I
Categoria:Bellum Orbis Terrarum II,World War II
Categoria:Berolinum,Berlin
Categoria:Biblia,Bible
Categoria:Biologia,Biology
Categoria:Bolivia,Bolivia
Categoria:Bosnia et Herzegovina,Bosnia and Herzegovina
Categoria:Botanica,Botany
Categoria:Botsuana,Botswana
Categoria:Brasilia,Brazil
Categoria:Britanni,British people
Categoria:Britanniarum Regnum,United Kingdom
Categoria:Bulgaria,Bulgaria
Categoria:California,California
Categoria:Cambria,Wales
Categoria:Cameronia,Cameroon
Categoria:Canada,Canada
Categoria:Carolina Septentrionalis,North Carolina
Categoria:Cartographia,Cartography
Categoria:Catalonia,Catalonia
Categoria:Cenomannica,Maine
Categoria:Chemia,Chemistry
Categoria:Chemica Organica,Organic chemistry
Categoria:Chilia,Chile
Categoria:Cinematographia,Film
Categoria:Civitas Vaticana,Vatican City
Categoria:Civitates Foederatae Americae,United States
Categoria:Columbia,Colombia
Categoria:Constantinopolis,Istanbul
Categoria:Corea,Korea
Categoria:Croatia,Croatia
Categoria:Cryptographia,Cryptography
Categoria:Cuba,Cuba
Categoria:Cyprus,Cyprus
Categoria:Dacota Meridionalis,South Dakota
Categoria:Dacota Septentrionalis,North Dakota
Categoria:Dania,Denmark
Categoria:Dies,Days
Categoria:Discretiva,Disambiguation
Categoria:Dzibutum,Djibouti
Categoria:Electronica,Electronics
Categoria:Erythraea,Eritrea
Categoria:Estonia,Estonia
Categoria:Ethnologia,Ethnology
Categoria:Europa,Europe
Categoria:Familia,Family
Categoria:Fascismus,Fascism
Categoria:Finnia,Finland
Categoria:Florida,Florida
Categoria:Francia,France
Categoria:Francofurtum ad Moenum,Frankfurt
Categoria:Fungi,Fungi
Categoria:Galliformes,Galliformes
Categoria:Gana,Ghana
Categoria:Genetica,Genetics
Categoria:Geographia,Geography
Categoria:Geologia,Geology
Categoria:Georgia,Georgia (country)
Categoria:Germania,Germany
Categoria:Graecia,Greece
Categoria:Guatemala,Guatemala
Categoria:Haitia,Haiti
Categoria:Hassia,Hesse
Categoria:Helvetia,Switzerland
Categoria:Hibernia Septentrionalis,Northern Ireland
Categoria:Hispania,Spain
Categoria:Historia,History
Categoria:Homines,People
Categoria:Homines Hispaniae,Spanish people
Categoria:Honduria,Honduras
Categoria:Hungaria,Hungary
Categoria:Iaponia,Japan
Categoria:Imperium Ottomanicum,Ottoman Empire
Categoria:India,India
Categoria:Indiana,Indiana
Categoria:Induismus,Hinduism
Categoria:Informatica,Computer science
Categoria:Informatica,Computing
Categoria:Insulae Seisellenses,Seychelles
Categoria:Irania,Iran
Categoria:Iraquia,Iraq
Categoria:Islandia,Iceland
Categoria:Israel,Israel
Categoria:Italia,Italy
Categoria:Iugoslavia,Yugoslavia
Categoria:Iuppiter,Jupiter
Categoria:Kenia,Kenya
Categoria:Lesothum,Lesotho
Categoria:Lettonia,Latvia
Categoria:Libanus,Lebanon
Categoria:Libya,Libya
Categoria:Linguistica,Linguistics
Categoria:Litterae,Literature
Categoria:Lituania,Lithuania
Categoria:Logica,Logic
Categoria:Londinium,London
Categoria:Lusitania,Portugal
Categoria:Lutetia,Paris
Categoria:Madagascaria,Madagascar
Categoria:Magistri officinarum,Businesspeople
Categoria:Magnoliopsida,Magnoliopsida
Categoria:Marocum,Morocco
Categoria:Mars,Mars
Categoria:Mathematica,Mathematics
Categoria:Medicina,Medicine
Categoria:Mesopotamia,Mesopotamia
Categoria:Metaphysica,Metaphysics
Categoria:Mexicum,Mexico
Categoria:Microbiologia,Microbiology
Categoria:Mineralogia,Mineralogy
Categoria:Minnesota,Minnesota
Categoria:Monetae,Currency
Categoria:Monoecus,Monaco
Categoria:Mons Niger,Montenegro
Categoria:Montana,Montana
Categoria:Mos vestis,Fashion
Categoria:Musica,Music
Categoria:Musica rock,Rock music
Categoria:Mythologia,Mythology
Categoria:Mythologia Graeca,Greek mythology
Categoria:Mythologia Romana,Roman mythology
Categoria:Namibia,Namibia
Categoria:Naurum,Nauru
Categoria:Nederlandia,Netherlands
Categoria:Niger,Niger
Categoria:Nigeria,Nigeria
Categoria:Norvegia,Norway
Categoria:Nova Hantescira,New Hampshire
Categoria:Nova Zelandia,New Zealand
Categoria:Novum Eboracum,New York
Categoria:Numeri,Numbers
Categoria:Oceania,Oceania
Categoria:Oeconomia,Economics
Categoria:Ohium,Ohio
Categoria:Omnia,Fundamental
Categoria:Ontario,Ontario
Categoria:Ornithologia,Ornithology
Categoria:Ossa,Skeletal system
Categoria:Paedagogia,Pedagogy
Categoria:Pakistania,Pakistan
Categoria:Paraguaia,Paraguay
Categoria:Pedilusores,Football (soccer) players
Categoria:Pennsilvania,Pennsylvania
Categoria:Peruvia,Peru
Categoria:Philosophia,Philosophy
Categoria:Phonetica,Phonetics
Categoria:Physica,Physics
Categoria:Pisces,Fish
Categoria:Polonia,Poland
Categoria:Psychologia,Psychology
Categoria:Religio Buddhistica,Buddhism
Categoria:Religio Christiana,Christianity
Categoria:Religio Islamica,Islam
Categoria:Religio Iudaica,Judaism
Categoria:Religiones,Religion
Categoria:Renascentia,Renaissance
Categoria:Rerum Francicarum eversio,French Revolution
Categoria:Res militaris,Military
Categoria:Respublica Dominicana,Dominican Republic
Categoria:Roma,Rome
Categoria:Romania,Romania
Categoria:Ruanda,Rwanda
Categoria:Russia,Russia
Categoria:Ruthenia Alba,Belarus
Categoria:Samoa,Samoa
Categoria:Saturnus,Saturn
Categoria:Saxonia,Saxony
Categoria:Scacci,Chess
Categoria:Scientia,Science
Categoria:Scientia humana,Humanities
Categoria:Scotia,Scotland
Categoria:Senegalia,Senegal
Categoria:Serbia,Serbia
Categoria:Sicilia,Sicily
Categoria:Sina,China
Categoria:Societas hominum,Society
Categoria:Societates pediludii,Football (soccer) clubs
Categoria:Sollemnia natalicia Iesu Christi,Christmas
Categoria:Somalia,Somalia
Categoria:Sudania,Sudan
Categoria:Suecia,Sweden
Categoria:Surinamia,Suriname
Categoria:Syria,Syria
Categoria:Systema nervosum,Nervous system
Categoria:Tanzania,Tanzania
Categoria:Technologia,Technology
Categoria:Televisio,Television
Categoria:Tempus,Time
Categoria:Tennesia,Tennessee
Categoria:Terra,Earth
Categoria:Thailandia,Thailand
Categoria:Transportatio,Transportation
Categoria:Tromocratia,Terrorism
Categoria:Tunesia,Tunisia
Categoria:Turcia,Turkey
Categoria:Tzekia,Czech Republic
Categoria:Ucraina,Ukraine
Categoria:Uganda,Uganda
Categoria:Unio Europaea,European Union
Categoria:Unio Sovietica,Soviet Union
Categoria:Uranus,Uranus
Categoria:Uruguaia,Uruguay
Categoria:Vasa sanguinea,Cardiovascular system
Categoria:Vasingtonia,Washington
Categoria:Venetiola,Venezuela
Categoria:Vietnamia,Vietnam
Categoria:Vindobona,Vienna
Categoria:Vinum,Wine
Categoria:Virginia,Virginia
Categoria:Vulcanologia,Volcanology
Categoria:Zambia,Zambia
Categoria:Zimbabua,Zimbabwe
Categoria:Zoologia,Zoology
Catharina Aragonensis,Catherine of Aragon
Catharina Hepburn,Katharine Hepburn
Catharina Parra,Catherine Parr
Cathedralis,Cathedral
Caucasus,Caucasus
Caucasus,Caucasus Mountains
Causidicus,Lawyer
Cedrus,Cedar
Celeritas luminis,Speed of light
Cellula,Cell (biology)
Cenomannica,Maine
Census,Census
Centaurus,Centaur
Centaurus (sidus),Centaurus
Centimetrum,Centimetre
Centrum (regio Franciae),Centre
Centum,100 (number)
Cepa,Onion
Cephalopoda,Cephalopod
Cepheus (sidus),Cepheus (constellation)
Cerasus (pomum),Cherry
Cerberus,Cerberus
Cerebellum,Cerebellum
Ceres,Ceres
Ceres (dea),Ceres (mythology)
Ceres (planetula),Ceres (dwarf planet)
Cereus,Candle
Cerium,Cerium
Cervidae,Deer
Cervisia,Beer
Cervus,Red Deer
Cestoda,Cestoda
Cestria Alanus Arthur,Chester A. Arthur
Cetacea,Cetacea
Cetus (sidus),Cetus
Chalybs,Steel
Chamaeleon (sidus),Chamaeleon
Chanis,Khan
Chaos,Chaos (mythology)
Charcovia,Kharkiv
Charon (mythologia),Charon (mythology)
Charon (satelles),Charon (moon)
Chemia,Chemistry
Chemia Inorganica,Inorganic chemistry
Chemia Organica,Organic chemistry
Chemnicium,Chemnitz
Cheops,Khufu
Cherubim,Cherub
Cheyenna,Cheyenne
Chi,Chi (letter)
Chihuahua,Chihuahua
Chilia,Chile
Chiliogramma,Kilogram
Chiliometrum,Kilometre
Chios,Chios
Chiovia,Kiev
Chirgisia,Kyrgyzstan
Chiroptera,Bat
Chitina,Chitin
Chlodovechus,Clovis I
Chlorum,Chlorine
Cholera,Cholera
Chondrichthyes,Chondrichthyes
Chordata,Chordate
Christi Natalis,Christmas
Christianus Hugenius,Christiaan Huygens
Christophorus Columbus,Christopher Columbus
Christophorus Marlowe,Christopher Marlowe
Chromium,Chromium
Ciconia (avis),Stork
Ciconiiformes,Ciconiiformes
Cimbria,Jutland
Cinerella,Cinderella
Cingulum asteroidum,Asteroid belt
Circe,Circe
Circinus,Compass (drafting)
Circinus (sidus),Circinus
Circuitus Franciae,Tour de France
Circulus,Circle
Circumcisio,Circumcision
Circus,Circus
Cirrhosis hepatis,Cirrhosis
Cisiordania,West Bank
Cithara Hispanica,Guitar
Cithara electrica,Electric guitar
Cithara gravis,Bass guitar
Citrullus lanatus,Watermelon
Citrus,Citrus
Citrus paradisi,Grapefruit
Citrus sinensis,Orange (fruit)
Civilitas,Politics
Civitas Libera,Free State
Civitas Vaticana,Vatican City
Civitates Confoederatae Americae,Confederate States of America
Civitates Foederatae Americae,United States
Civitatum Foederatarum Americae Aeris Exercitus,United States Air Force
Classis (Taxon),Class (biology)
Classis (nautica),Navy
Claudius (imperator),Claudius
Claudius Galenus,Galen
Claudius Monet,Claude Monet
Claudius Monteverdi,Claudio Monteverdi
Claudius Ptolemaeus,Ptolemy
Claviatura,Keyboard (computing)
Clavicula,Clavicle
Clavicymbalum,Harpsichord
Clavile,Piano
Clavus,Screw
Clavus,Nail (fastener)
Clemens Attlee,Clement Attlee
Cleveterra,Cleveland
Clio,Clio
Clitoris,Clitoris
Cnidaria,Cnidaria
Cnossus,Knossos
Cnuto (rex Anglorum),Canute the Great
Cobaltum,Cobalt
Coemeterium,Cemetery
Coffea,Coffea
Coffeum,Coffee
Cogitatio,Thought
Cohors Exercitus Rubri,Red Army Faction
Coiotes,Coyote
Coitus oralis,Oral sex
Colcata,Kolkata
Colchis,Colchis
Coleoptera,Beetle
Collegium opificum,Trade union
Colombo (urbs),Colombo
Colonia Agrippina,Cologne
Color,Color
Coloratense Flumen,Colorado River
Coloratum,Colorado
Columba (avis),Columbidae
Columba (sidus),Columba (constellation)
Columbia,Colombia
Columbia (discretiva),Columbia
Columbia (flumen),Columbia River
Columbia Britannica,British Columbia
Columbus,Columbus
Columbus (Ohium),Columbus
Columna vertebralis,Vertebral column
Coma Berenices (sidus),Coma Berenices
Cometes,Comet
Comitatus Berceriensis,Berkshire
Comitatus Hertfordiensis,Hertfordshire
Comitatus Lincolniensis,Lincolnshire
Comitatus Novum Eboracum,Manhattan
Comitatus Somersetensis,Somerset
Comitatus Vigorniensis,Worcestershire
Commune,Municipality
Communismus,Communism
Communitas Matriti,Madrid (autonomous community)
Comoedia,Comedy
Compositor,Composer
Compunctio,Tattoo
Computator,Calculator
Computatrum,Computer
Conakri,Conakry
Concilium Chalcedonense,Council of Chalcedon
Concilium Constantinopolitanum Primum,First Council of Constantinople
Concilium Ephesinum,Council of Ephesus
Concilium Nicaenum Primum,First Council of Nicaea
Concilium Tridentinum,Council of Trent
Concilium Vaticanum Secundum,Second Vatican Council
Condensatrum,Capacitor
Confessio,Confession
Confucius,Confucius
Congo (flumen),Congo River
Connecticuta,Connecticut
Conquisitatores Hispani,Conquistador
Conradus Adenauer,Konrad Adenauer
Conservatismus,Conservatism
Consociatio Nationum,United Nations
Consortio Populorum,Commonwealth of Nations
Constantinopolis,Constantinople
Constantinus I,Constantine I
Consul,Consul
Continens,Continent
Copia,Set
Cor,Heart
Corcagia,Cork (city)
Corea,Korea
Corinthus,Corinth
Cornelius Tacitus,Tacitus
Cornubia,Cornwall
Corona Borealis (sidus),Corona Borealis
Corsica,Corsica
Corvidae,Corvidae
Corvus,Crow
Corvus (sidus),Corvus (constellation)
Corylus,Hazel
Cosmologia,Cosmology
Costa (anatomia),Rib
Couna,Kaunas
Crater (sidus),Crater (constellation)
Creationismus,Creationism
Cremona,Cremona
Creta,Crete
Criccetius lusus,Cricket
Cricetus,Hamster
Crimaea,Crimea
Croatia,Croatia
Crocodilia,Crocodilia
Crocodylidae,Crocodile
Crocodylus niloticus,Nile crocodile
Cronus,Cronus
Crucigramma,Crossword
Crux,Cross
Crux (sidus),Crux
Crux gammata,Swastika
Cryptographia,Cryptography
Crystallum,Crystal
Cuba,Cuba
Cucumis sativus,Cucumber
Cucurbitaceae,Cucurbitaceae
Culicidae,Mosquito
Cumbria,Cumbria
Cupola,Dome
Cupressaceae,Cupressaceae
Cuprum,Copper
Curitiba,Curitiba
Curium,Curium
Cursus publicus,Mail
Curtius Vonnegut,Kurt Vonnegut
Curtius Waldheim,Kurt Waldheim
Cuscum,Cusco
Cutis,Skin
Cuvaitum,Kuwait
Cybele,Cybele
Cyclades,Cyclades
Cyclops,Cyclops
Cygnus (sidus),Cygnus (constellation)
Cyperaceae,Cyperaceae
Cyprus,Cyprus
Cyrus II (rex Persarum),Cyrus the Great
D,D
Dacca,Dhaka
Dacota Meridionalis,South Dakota
Dacota Septentrionalis,North Dakota
Daedalus,Daedalus
Daemon,Demon
Dakar,Dakar
Dalai Lama,Dalai Lama
Dallasium,Dallas
Damascus,Damascus
Damicus ludus,Draughts
Danapris,Dnieper River
Dania,Denmark
Daniel Defoe,Daniel Defoe
Dantes Alagherius,Dante Alighieri
Danubius,Danube
Darmstadtium,Darmstadtium
Darwin (discretiva),Darwin
Dasypodidae,Armadillo
Dativus,Dative case
David (Rex),David
David Humius,David Hume
David Wark Griffith,D. W. Griffith
Decalogus,Ten Commandments
Decem,10 (number)
December,December
Decennium,Decade
Decennium 154,1530s
Decennium 176,1750s
Decennium 177,1760s
Decennium 178,1770s
Decennium 179,1780s
Decennium 180,1790s
Decennium 183,1820s
Decennium 184,1830s
Decennium 185,1840s
Decennium 186,1850s
Decennium 187,1860s
Decennium 188,1870s
Decennium 189,1880s
Decennium 190,1890s
Decennium 191,1900s
Decennium 193,1920s
Decennium 194,1930s
Decennium 195,1940s
Decennium 196,1950s
Decennium 197,1960s
Decennium 198,1970s
Decennium 199,1980s
Decennium 200,1990s
Decies centena milia,Million
Decius,Decius (emperor)
Declinatio (astronomia),Declination
Defectio solis,Eclipse
Defectio solis,Solar eclipse
Delevaria,Delaware
Dellium Novum,New Delhi
Delphi (urbs Bataviae),Delft
Delphi (urbs Graeciae),Delphi
Delphinus,Dolphin
Delphinus (sidus),Delphinus
Delta,Delta (letter)
Demeter,Demeter
Demetrius Mendeleev,Dmitri Mendeleev
Demetrius Sostakovic,Dmitri Shostakovich
Democratia,Democracy
Democritus,Democritus
Demosthenes,Demosthenes
Dens,Tooth
Densitas et Spissitudo,Density
Denverium (Coloratum),Denver
Depressio (psychiatria),Clinical depression
Depressio oeconomica magna,Great Depression
Dermatologia,Dermatology
Deserta,Desert
Desiderius Erasmus Roterodamus,Desiderius Erasmus
Detroitum,Detroit
Deus,God
Deuteronomium,Deuteronomy
Deversorium,Hotel
Devonia,Devon
Diaconus,Deacon
Dialectica,Dialectic
Dialectos,Dialect
Diana,Diana (mythology)
Diana Francisca Spencer,Diana
Dictatura,Dictatorship
Didacopolis (California),San Diego
Dies,Day
Dies Cenae Domini,Maundy Thursday
Dies Cinerum,Ash Wednesday
Dies Expiationis,Yom Kippur
Dies Iovis,Thursday
Dies Martis,Tuesday
Dies Mercurii,Wednesday
Dies Passionis Domini,Good Friday
Dies Saturni,Saturday
Dies Veneris,Friday
Dies lunae,Monday
Dies solis,Sunday
Digitus,Finger
Dimos (satelles),Deimos (moon)
Dinosauria,Dinosaur
Diocletianus,Diocletian
Diodus,Diode
Dionysius Diderot,Denis Diderot
Dioxydum carbonis,Carbon dioxide
Diphtheria,Diphtheria
Diptera,Fly
Disaccharides,Disaccharide
Discimpositor,Disc jockey
Discus compactus,Compact Disc
Discus varius digitalis,DVD
Distributio normalis,Normal distribution
Divio,Dijon
Doctor Ecclesiae,Doctor of the Church
Dodecanesus,Dodecanese
Dodoma,Dodoma
Dogma,Dogma
Dollarium (CFA),United States dollar
Dominica in Palmis de passione Domini,Palm Sunday
Dominicani,Dominican Order
Dominium publicum,Public domain
Domitianus,Domitian
Domus,House
Domus Alba,White House
Domus Tsingiana,Qing Dynasty
Domus medicinae doctor,House (TV series)
Donaldus Anas,Donald Duck
Donatellus Florentinus,Donatello
Donatianus Alphonsus Franciscus de Sade,Marquis de Sade
Dorado (sidus),Dorado
Dorothea Lessing,Doris Lessing
Douglas MacArthur,Douglas MacArthur
Draco,Dragon
Draco (sidus),Draco (constellation)
Draco volans papyreus,Kite
Dresda,Dresden
Dubnium,Dubnium
Dubris,Dover
Dugon,Dugong
Dulcis vallis,Vaduz
Dunquerca,Dunkirk
Duo,2 (number)
Duodecim,12 (number)
Duodenum,Duodenum
Duodetriginta,28 (number)
Duodeviginti,18 (number)
Durbanum,Durban
Durocortorum,Reims
Dustin Hoffman,Dustin Hoffman
Dwight D. Eisenhower,Dwight D. Eisenhower
Dysprosium,Dysprosium
E,E
Eblana,Dublin
Ebola febris haemorrhagica,Ebola
Eboracum,York
Ebur,Ivory
Eccentricitas,Eccentricity (mathematics)
Ecclesia,Church
Ecclesia Anglica,Church of England
Ecclesia Catholica Romana,Roman Catholic Church
Ecclesiae Orthodoxae,Eastern Orthodox Church
Echidna,Echidna (mythology)
Eckhartus de Hochheim,Meister Eckhart
Edgarus Allan Poe,Edgar Allan Poe
Edimburgum,Edinburgh
Edmundopolis,Edmonton
Edmundus Burke,Edmund Burke
Edmundus Halley,Edmond Halley
Edmundus Hillary,Edmund Hillary
Edmundus Husserl,Edmund Husserl
Eduardus Confessor (rex Anglorum),Edward the Confessor
Eduardus Gibbon,Edward Gibbon
Eduardus Grieg,Edvard Grieg
Eduardus Iennerus,Edward Jenner
Eduardus Munch,Edvard Munch
Eiaculatum,Semen
Einsteinium,Einsteinium
El Greco,El Greco
Electrochemia,Electrochemistry
Electron,Electron
Electronica,Electronics
Elementum,Chemical element
Elementum (discretiva),Element
Elephantidae,Elephant
Elias Canetti,Elias Canetti
Elisatia,Alsace
Elizabeth Rosamunda Taylor,Elizabeth Taylor
Elvis Presley,Elvis Presley
Emma Goldman,Emma Goldman
Empedocles,Empedocles
Encaenia,Hanukkah
Encyclopaedia,Encyclopedia
Energia,Energy
Energia,Energy (society)
Energia nuclearis,Nuclear power
Entomologia,Entomology
Enzymum,Enzyme
Eos,Eos
Ephemeroptera,Mayfly
Ephesus,Ephesus
Epictetus,Epictetus
Epicurus,Epicurus
Epidemia,Epidemic
Epigraphia,Epigraphy
Epirus,Epirus (periphery)
Episcopatus,Diocese
Episcopus,Bishop
Episcopus (scacci),Bishop (chess)
Epistemologia,Epistemology
Epistula I ad Corinthios,First Epistle to the Corinthians
Epistula ad Galatas,Epistle to the Galatians
Epistula ad Romanos,Epistle to the Romans
Epsilon,Epsilon
Eques (scacci),Knight (chess)
Equidae,Equidae
Equus,Horse
Equus Albus,Whitehorse
Erato,Erato
Erbium,Erbium
Erevanum,Yerevan
Ericaceae,Ericaceae
Ericales,Ericales
Ericus Satie,Erik Satie
Eridanus (sidus),Eridanus (constellation)
Eris,Eris (mythology)
Eris (planetula),Eris (dwarf planet)
Ernestus Guevara,Che Guevara
Ernestus Rutherford,Ernest Rutherford
Ervinus Rommel,Erwin Rommel
Erythrocyti,Red blood cell
Esperanto,Esperanto
Espo,Espoo
Ester,Ester
Eta (littera),Eta (letter)
Ethanal,Acetaldehyde
Ethanol,Ethanol
Ethanum,Ethane
Ethenum,Ethylene
Ethica,Ethics
Ethinum,Acetylene
Etymologia,Etymology
Eucalyptus,Eucalyptus
Eucaryota,Eukaryote
Eucharistia,Eucharist
Euclides,Euclid
Euphrates,Euphrates
Eurasia,Eurasia
Euripides,Euripides
Euro,Euro
Europa,Europe
Europa (satelles),Europa (moon)
Europium,Europium
Eusebius Pamphili,Eusebius of Caesarea
Euskadi Ta Askatasuna,ETA
Euterpe,Euterpe
Eva Braun,Eva Braun
Evangelista Torricellius,Evangelista Torricelli
Evangelium,Gospel
Evangelium secundum Lucam,Gospel of Luke
Evolutio,Evolution
Exercitus,Army
Exordium Anni (Iudaici),Rosh Hashanah
Exsistentialista,Existentialism
F,F
Fabaceae,Fabaceae
Factio Democratica (CFA),Democratic Party (United States)
Factio republicana (CFA),Republican Party (United States)
Faeces,Feces
Fagales,Fagales
Fagus,Beech
Falco,Falcon
Falco peregrinus,Peregrine Falcon
Falconiformes,Falconiformes
Fames,Hunger
Familia (Taxon),Family (biology)
Fascismus,Fascism
Fatum (musica),Fado
Febris,Fever
Februarius,February
Feles,Cat
Felidae,Felidae
Felis silvestris,Wildcat
Felix Mendelssohn-Bartholdy,Felix Mendelssohn
Ferdinandus II,Ferdinand II
Ferdinandus Magellanus,Ferdinand Magellan
Ferdinandus de Saussure,Ferdinand de Saussure
Fermion,Fermion
Fermium,Fermium
Ferraria,Ferrara
Ferrivia strataria,Tram
Ferrum,Iron
Festum Gratias Agendi,Thanksgiving
Festum Gratias Agendi,Thanksgiving (United States)
Festum Gratias Agendi,Thanksgiving (Canada)
Festum Gratias Agendi,Thanksgiving (disambiguation)
Festum Octobre,Oktoberfest
Fiat,Fiat
Fidelis Castro,Fidel Castro
Fidiculae,Violin
Finnia,Finland
Flamencum,Flamenco
Flandria,Flanders
Flavius Basiliscus,Basiliscus
Flavius Belisarius,Belisarius
Flavius Claudius Iulianus,Julian the Apostate
Flavius Iosephus,Josephus
Flavus,Yellow
Florentia,Florence
Florentia Nightingale,Florence Nightingale
Florida,Florida
Flos,Flower
Flumen,River
Flumen Ianuarii,Rio de Janeiro (state)
Fluxio electrica,Electric current
Foedus Versaliis sancitum (1919),Treaty of Versailles
Folium,Leaf
Formica,Ant
Formula:Stipula,Stub
Fornax (sidus),Fornax
Forum Iulii et Venetia Iulia,Friuli-Venezia Giulia
Fossa,Canal
Fossa Clysmatena,Suez Canal
Fossilia,Fossil
Fragaria,Strawberry
Fragor Maximus,Big Bang
Francia,France
Franciscopolis,Le Havre
Franciscopolis (California),San Francisco
Franciscus Baco,Francis Bacon
Franciscus Drakus,Francis Drake
Franciscus Ford Coppola,Francis Ford Coppola
Franciscus Franco,Francisco Franco
Franciscus Goya,Francisco Goya
Franciscus II,Francis II
Franciscus Iosephus Haydn,Joseph Haydn
Franciscus Kafka,Franz Kafka
Franciscus Liszt,Franz Liszt
Franciscus Petrarca,Petrarch
Franciscus Petrus Schubert,Franz Schubert
Franciscus Poulenc,Francis Poulenc
Franciscus Sinatra,Frank Sinatra
Francium,Francium
Francofurtum,Frankfurt (disambiguation)
Francofurtum ad Moenum,Frankfurt
Francus Helveticus,Swiss franc
Franklinus Pierce,Franklin Pierce
Fratres Marx,Marx Brothers
Fraxinus,Fresno
Fredericopolis,Fredericton
Freetown,Freetown
Frequentia,Frequency
Fretum,Strait
Fretum Gaditanum,Strait of Gibraltar
Fretum Magellanicum,Strait of Magellan
Fridericus Engels,Friedrich Engels
Fridericus Fellini,Federico Fellini
Fridericus I Barbarossa,Frederick I
Fridericus II,Frederick II
Frisia (provincia),Friesland
Fructosium,Fructose
Fructus,Fruit
Frumentum,Cereal
Fucuoca,Fukuoka
Fuga,Fugue
Fulgur,Lightning
Fundamentalismus,Fundamentalism
Fungi,Fungus
Fungi,Mushroom
G,G
GPS (Systema localizationis globale),Global Positioning System
Gabonia,Gabon
Gaborone,Gaborone
Gadolinium,Gadolinium
Gaius Iulius Caesar,Julius Caesar
Gaius Iulius Caesar Octavianus Augustus,Augustus
Gaius Plinius Caecilius Secundus,Pliny the Younger
Gaius Plinius Secundus,Pliny the Elder
Gaius Valerius Catullus,Catullus
Galatia,Galatia
Galaxias,Galaxy
Galfridus Chaucer,Geoffrey Chaucer
Galicia,Galicia (Central Europe)
Galilaeus Galilaei,Galileo Galilei
Galileia,Galilee
Gallaecia,Galicia (Spain)
Gallia,Gaul
Galliformes,Galliformes
Gallium,Gallium
Gallus,Chicken
Galvia,Galway
Gambia,The Gambia
Gamma,Gamma
Gana,Ghana
Gandavum,Ghent
Ganesa,Ganesha
Ganymedes (satelles),Ganymede (moon)
Garumna,Garonne
Gasium,Gas
Gastropoda,Gastropoda
Gautama Buddha,Gautama Buddha
Gaza,Gaza
Gemini (sidus),Gemini (constellation)
Gemma (lapis),Gemstone
Genava (urbs),Geneva
Genetica,Genetics
Gens Medicaea,Medici
Genu,Knee
Genua,Genoa
Genus verborum,Grammatical gender
Geographia,Geography
Geographia politica,Geopolitics
Geologia,Geology
Geometria,Geometry
Georgia,Georgia (country)
Georgia (CFA),Georgia (U.S. state)
Georgiopolis,Georgetown
Georgius Berkeley,George Berkeley
Georgius Bernardus Shavius,George Bernard Shaw
Georgius Bizet,Georges Bizet
Georgius Bush,George Bush
Georgius Clemenceau,Georges Clemenceau
Georgius Fridericus Handel,George Frideric Handel
Georgius Gagarin,Yuri Gagarin
Georgius Ludovicus Borges,Jorge Luis Borges
Georgius Orwell,George Orwell
Georgius Philippus Telemann,Georg Philipp Telemann
Georgius Simenon,Georges Simenon
Georgius Vasari,Giorgio Vasari
Georgius W. Bush,George W. Bush
Georgius Washingtonius,George Washington
Georgius Wilhelmus Fridericus Hegel,Georg Wilhelm Friedrich Hegel
Germania,Germany
Germanium,Germanium
Gigas gasosus,Gas giant
Gihad,Jihad
Gilgamus,Gilgamesh
Ginkgo,Ginkgo
Giraffa,Giraffe
Giraldus Ford,Gerald Ford
Girundia (praefectura Franciae),Gironde
Glacies,Ice
Gladiator,Gladiator
Gladius,Sword
Glandula,Gland
Glandula adrenalis,Adrenal gland
Glandula pituitaria,Pituitary gland
Glandula thyreoidea,Thyroid
Glans (fructus),Acorn
Glasgovia,Glasgow
Glasnost,Glasnost
Glucagon,Glucagon
Glucosium,Glucose
Gluon,Gluon
Glycine (genus),Soybean
Gnaeus Pompeius Magnus,Pompey
Gnathostomata,Gnathostomata
Golan,Golan Heights
Google,Google
Gothoburgum,Gothenburg
Gotthold Ephraim Lessing,Gotthold Ephraim Lessing
Graecia,Greece
Graecia (urbs),Graz
Granata,Granada
Grando,Hail
Graphitum,Graphite
Gratia Patricia (principissa Monoecensis),Grace Kelly
Gratianopolis,Grenoble
Gravitas (physica),Gravitation
Graviton,Graviton
Gregorius Mendel,Gregor Mendel
Grenovicum,Greenwich
Greta Garbo,Greta Garbo
Groenlandia,Greenland
Grover Cleveland,Grover Cleveland
Grus (sidus),Grus (constellation)
Gryllus,Cricket (insect)
Gryps,Griffin
Guadalaxara,Guadalajara
Guadalupa,Guadeloupe
Gualterus Scott,Walter Scott
Guama,Guam
Guaxaca,Oaxaca
Guido Fawkes,Guy Fawkes
Guido de Maupassant,Guy de Maupassant
Guillelmus de Ockham,William of Ockham
Guinea,Guinea
Guinea Aequatorensis,Equatorial Guinea
Guinea Bissaviensis,Guinea-Bissau
Gulielmus Blake,William Blake
Gulielmus Brandt,Willy Brandt
Gulielmus Butler Yeats,William Butler Yeats
Gulielmus Clinton,Bill Clinton
Gulielmus Ewart Gladstone,William Gladstone
Gulielmus Gates,Bill Gates
Gulielmus Harvey,William Harvey
Gulielmus Henricus Harrison,William Henry Harrison
Gulielmus Herschel,William Herschel
Gulielmus Howard Taft,William Howard Taft
Gulielmus I (Imperator Germaniae),William I
Gulielmus II (Imperator Germaniae),William II
Gulielmus Marconi,Guglielmo Marconi
Gulielmus McKinley,William McKinley
Gulielmus Shakesperius,William Shakespeare
Gurges ater,Black hole
Gustavus Klimt,Gustav Klimt
Gustavus Mahler,Gustav Mahler
Gynaecologia et Obstetricia,Gynaecology
Gypaetus barbatus,Lammergeier
Gyps fulvus,Griffon Vulture
Gypsum,Gypsum
Gyroscopium,Gyroscope
H,H
Hadit,Hadith
Hadrianopolis,Edirne
Hadrianus (imperator),Hadrian
Hadriaticum,Adriatic Sea
Hadron,Hadron
Haematologia,Hematology
Haemus,Balkan Mountains
Haeresis,Heresy
Hafnia,Copenhagen
Hafnium,Hafnium
Haga,The Hague
Haicu,Haiku
Haitia,Haiti
Halebarda,Halberd
Halogenica,Halogen
Hamas,Hamas
Hamaxostichus,Train
Hamburgum,Hamburg
Hammurabi,Hammurabi
Hannibal,Hannibal
Hannovera,Hanover
Hanoi,Hanoi
Hansa,Hanseatic League
Hantonia,Hampshire
Hararensis Urbs,Harare
Harena,Sand
Harmonica diductilis,Accordion
Harrisburgum,Harrisburg
Hassia,Hesse
Hassium,Hassium
Havaii (civitas),Hawaii
Havana,Havana
Hebdomas,Week
Hector,Hector
Hector Berlioz,Hector Berlioz
Helena,Helen
Helena Keller,Helen Keller
Helenopolis (Montana),Helena
Helianthus annuus,Sunflower
Helicopterum,Helicopter
Helimutus Schmidt,Helmut Schmidt
Helium,Helium
Helius,Helios
Helsinkium,Helsinki
Helvetia,Switzerland
Henricus Bergson,Henri Bergson
Henricus Caruso,Enrico Caruso
Henricus David Thoreau,Henry David Thoreau
Henricus Fermi,Enrico Fermi
Henricus Fonda,Henry Fonda
Henricus Ford,Henry Ford
Henricus Himmler,Heinrich Himmler
Henricus Houdini,Harry Houdini
Henricus Ibsen,Henrik Ibsen
Henricus Kissinger,Henry Kissinger
Henricus Matisse,Henri Matisse
Henricus Purcell,Henry Purcell
Henricus Schliemann,Heinrich Schliemann
Hepatitis,Hepatitis
Hephaestus,Hephaestus
Hera,Hera
Heraclitus,Heraclitus
Herbertus Hoover,Herbert Hoover
Hercules,Heracles
Hercules (sidus),Hercules (constellation)
Hermes,Hermes
Herodotus,Herodotus
Heron Alexandrinus,Hero of Alexandria
Herpestidae,Mongoose
Hesiodus,Hesiod
Hestia,Hestia
Hibernia (res publica),Republic of Ireland
Hibernia Septentrionalis,Northern Ireland
Hiberus,Ebro
Hiems,Winter
Hieronymus,Jerome
Hieronymus Savonarola,Girolamo Savonarola
Hierosolyma,Jerusalem
Himalaia,Himalayas
Hinduismus,Hinduism
Hippocrates,Hippocrates
Hippopotamus,Hippopotamus
Hirohitus,Hirohito
Hirosima,Hiroshima
Hirundo,Swallow
Hispalis,Seville
Hispania,Spain
Hispaniola,Hispaniola
Historia,History
Hizbullah,Hezbollah
Hobart,Hobart
Hobbit (gens ficticia),Hobbit
Holmia,Stockholm
Holmium,Holmium
Holus,Vegetable
Homel,Gomel
Homerus,Homer
Hominidae,Hominidae
Hominideae,Ape
Homo (genus),Homo (genus)
Homo erectus,Homo erectus
Homo habilis,Homo habilis
Homo neanderthalensis,Neanderthal
Homo sapiens,Human
Homophylophilia,Homosexuality
Honduria,Honduras
Hongcongum,Hong Kong
Honolulu,Honolulu
Hora,Hour
Hordeum,Barley
Hormon,Hormone
Hornanum caput,Cape Horn
Horologium,Clock
Horologium solarium,Sundial
Hortus,Garden
Horus,Horus
Hudsonicum,Hudson River
Hugo Capetius,Hugh Capet
Hugo Grotius,Hugo Grotius
Huguenoti,Huguenot
Humanismus,Humanism
Humerus,Humerus
Hungaria,Hungary
Hustonia (Texia),Houston
Hydra (sidus),Hydra (constellation)
Hydrargentum,Mercury (element)
Hydrogenium,Hydrogen
Hydrogenium peroxydatum,Hydrogen peroxide
Hydromeli,Mead
Hydroxidum,Hydroxide
Hydrus (sidus),Hydrus
Hymenoptera,Hymenoptera
Hymnus,Hymn
Hymnus nationalis,National anthem
Hyperion (satelles),Hyperion (moon)
Hypertextus,Hypertext
Hypothalamus,Hypothalamus
I,I
Iacobus Bond,James Bond
Iacobus Buchanan,James Buchanan
Iacobus Cartier,Jacques Cartier
Iacobus Cook,James Cook
Iacobus Derrida,Jacques Derrida
Iacobus Earl Carter,Jimmy Carter
Iacobus Garfield,James A. Garfield
Iacobus Joyce,James Joyce
Iacobus Knox Polk,James K. Polk
Iacobus Madison,James Madison
Iacobus Monroe,James Monroe
Iacobus Offenbach,Jacques Offenbach
Iacobus Prescott Joule,James Prescott Joule
Iacobus Puccini,Giacomo Puccini
Iacobus Watt,James Watt
"Iacsoniapolis, Floridae",Jacksonville
Iamaica,Jamaica
Iana Seimora,Jane Seymour
Iangon,Yangon
Ianua,Door
Ianuarius,January
Ianus,Janus (mythology)
Iapetus (satelles),Iapetus (moon)
Iaponia,Japan
Iason,Jason
Iasser Arafat,Yasser Arafat
Iava,Java
Iazium,Jazz
Iberia,Iberian Peninsula
Ichthyologia,Ichthyology
Icterus,Jaundice
Ictus (morbus),Stroke
Idahum,Idaho
Ideologia,Ideology
Ido,Ido
Iedda,Jeddah
Iehovah,Jehovah
Iehovah,Yahweh
Iemenia,Yemen
Iena,Jena
Ienisea,Yenisei River
Ieremia Bentham,Jeremy Bentham
Iesus,Jesus
Iglu,Igloo
Ignatius de Loyola,Ignatius of Loyola
Ignis,Fire
Ignis Graecus,Greek fire
Igo,Go (board game)
Igor Stravinski,Igor Stravinsky
Ilias,Iliad
Ilium,Troy
Illinoesia,Illinois
Immanuel Kantius,Immanuel Kant
Imperator,Emperor
Imperium Austro-Hungaricum,Austria-Hungary
Imperium Britannicum,British Empire
Imperium Ottomanicum,Ottoman Empire
Imperium Persarum,Persian Empire
Imperium Romanum,Roman Empire
Imperium Romanum Sacrum,Holy Roman Empire
Impotentia erecti,Erectile dysfunction
Independentium Civitatum Foederatio,Commonwealth of Independent States
India,India
Indiana,Indiana
Indianapolis,Indianapolis
Indium,Indium
Indonesia,Indonesia
Indulgentia,Indulgence
Indus (fluvius),Indus River
Indus (sidus),Indus (constellation)
Inertia,Inertia
Infarctus cordis,Myocardial infarction
Infernus,Hell
Infinitas,Infinity
Infinitivus (grammatica),Infinitive
Inflammatio,Inflammation
Informatica,Computer science
Ingmar Bergman,Ingmar Bergman
Insecta,Insect
Insigne,Coat of arms
Instrumentum musicum,Musical instrument
Insula,Island
Insula (urbs),Lille
Insula Bouvet,Bouvet Island
Insula Longa,Long Island
Insula Norfolk,Norfolk Island
Insula Principis Eduardi,Prince Edward Island
Insulae Aleutiae,Aleutian Islands
Insulae Baleares,Balearic Islands
Insulae Comorianae,Comoros
Insulae Madeirae,Madeira
Insulae Maldivae,Maldives
Insulae Malvinae,Falkland Islands
Insulae Marianae Septentrionales,Northern Mariana Islands
Insulae Marsalienses,Marshall Islands
Insulae Salomonicae,Solomon Islands
Insulae Seisellenses,Seychelles
Insulinum,Insulin
Interiectio,Interjection
Interlingua,Interlingua
Interrete,Internet
Intestinum,Intestine
Intestinum tenue,Small intestine
Inundatio,Flood
Inventum,Invention
Invertebrata,Invertebrate
Io (satelles),Io (moon)
Ioanna Austen,Jane Austen
Ioanna Fonda,Jane Fonda
Ioanna de Arc,Joan of Arc
Ioannes Adams,John Adams
Ioannes Calvinus,John Calvin
Ioannes Cocteau,Jean Cocteau
Ioannes Dalton,John Dalton
Ioannes Hus,Jan Hus
Ioannes Iulius Christianus Sibelius,Jean Sibelius
Ioannes Lennon,John Lennon
Ioannes Lockius,John Locke
Ioannes Major,John Major
Ioannes Meginhardus Keynes,John Maynard Keynes
Ioannes Miltonus,John Milton
Ioannes Paulus Sartre,Jean-Paul Sartre
Ioannes Pavlov,Ivan Pavlov
Ioannes Philippus Rameau,Jean-Philippe Rameau
Ioannes Quintius Adams,John Quincy Adams
Ioannes Ruskin,John Ruskin
Ioannes Stuart Mill,John Stuart Mill
Ioannes Tyler,John Tyler
Ioannes Wicliffe,John Wycliffe
Ioannes Wolfgang Goethe,Johann Wolfgang von Goethe
Ioannisburgum,Johannesburg
Iodium,Iodine
Iogurtum,Yoghurt
Iohannes Amos Comenius,Comenius
Iohannes Boccacius,Giovanni Boccaccio
Iohannes Brahms,Johannes Brahms
Iohannes Christianus Andersen,Hans Christian Andersen
Iohannes Chrysostomus,John Chrysostom
Iohannes Gutenberg,Johannes Gutenberg
Iohannes Keplerus,Johannes Kepler
Iohannes Sebastianus Bach,Johann Sebastian Bach
Iohannes Wayne,John Wayne
Iohannes-Iacobus Rousseau,Jean-Jacques Rousseau
Ion,Ion
Ionia,Ionia
Ionium mare,Ionian Sea
Iordania,Jordan
Iordanus,Jordan River
Iordanus Brunus,Giordano Bruno
Iosephus Aloisius Gaylussac,Joseph Louis Gay-Lussac
Iosephus Garibaldi,Giuseppe Garibaldi
Iosephus Goebbels,Joseph Goebbels
Iosephus Smith,Joseph Smith
Iosephus Stalin,Joseph Stalin
Iosephus Verdi,Giuseppe Verdi
Iota,Iota
Iova,Iowa
Iovianus,Jovian
Ipomoea batatas,Sweet potato
Irania,Iran
Iraquia,Iraq
Iridium,Iridium
Iron Maiden,Iron Maiden
Isaac,Isaac
Isaac Asimov,Isaac Asimov
Isaacus Newtonus,Isaac Newton
Isis,Isis
Islamabada,Islamabad
Islandia,Iceland
Isorocus Iamamotus,Isoroku Yamamoto
Israel (civitas),Israel
Isuria Septentrionalis,North Yorkshire
Italia,Italy
Ithaca (insula),Ithaca
Iudicium Summum Civitatum Foederatarum,Supreme Court of the United States
Iuglans,Walnut
Iugoslavia,Yugoslavia
Iulius,July
Iulius Verne,Jules Verne
Iunellum,Juneau
Iunius,June
Iuno (mythologia),Juno (mythology)
Iuppiter,Jupiter (disambiguation)
Iuppiter (deus),Jupiter (mythology)
Iuppiter (planeta),Jupiter
Ius,Law
Ius Romanum,Roman law
Iustinianus I,Justinian I
J,J
Jack Lemmon,Jack Lemmon
Jimi Hendrix,Jimi Hendrix
Joulium,Joule
Judy Garland,Judy Garland
Juniperus,Juniper
K,K
Kalium,Potassium
Kampala,Kampala
Kansia,Kansas
Karachi,Karachi
Karthago,Carthage
Kathmandu,Kathmandu
Katovicum,Katowice
Kelvin (unitas),Kelvin
Kenia,Kenya
Kentukia,Kentucky
Ketonum,Ketone
Khartumensis Urbs,Khartoum
Kigali,Kigali
Kingston (Iamaica),Kingston
Kinshasa,Kinshasa
Kiribati,Kiribati
Krypton,Krypton
Kuala Lumpur,Kuala Lumpur
Kyotum,Kyoto
L,L
Labda,Lambda
Labina nivis,Avalanche
Lac,Milk
Lacerta (sidus),Lacerta
Lacertilia,Lizard
Lacinia Gazetica,Gaza Strip
Lactosium,Lactose
Lacupolis,Lagos
Lacus,Lake
Lacus Baical,Lake Baikal
Lacus Bodamicus,Lake Constance
Lacus Eriarum,Lake Erie
Lacus Huronorum,Lake Huron
Lacus Ladoga,Lake Ladoga
Lacus Magni,Great Lakes
Lacus Onega,Lake Onega
Lacus Ontario,Lake Ontario
Lacus Superior,Lake Superior
Lacus Victoria,Lake Victoria
Lama glama,Llama
Lancastriensis comitatus,Lancashire
Langobardia,Lombardy
Lanthanum,Lanthanum
Laophorium,Bus
Laophorium aerium,Airbus
Laotia,Laos
Lapis philosophorum,Philosopher's stone
Larva,Ghost
Larynx,Larynx
Latitudo geographica,Latitude
Latium,Lazio
Latona,Leto
Lausonium,Lausanne
Lava,Lava
Lawrencium,Lawrencium
Le Corbusier,Le Corbusier
Lectus,Bed
Ledesia,Leeds
Legio Romana,Roman legion
Lego,Lego
Leir Rex,King Lear
Lemanus Lacus,Lake Geneva
Lemovicensis (regio Franciae),Limousin (region)
Lena,Lena River
Lentia,Linz
Leo,Lion
Leo (sidus),Leo (constellation)
Leo I (imperator),Leo I (emperor)
Leo Nemaeus,Nemean Lion
Leo Trotski,Leon Trotsky
Leonardus Vincius,Leonardo da Vinci
Leonhardus Eulerus,Leonhard Euler
Lepra,Leprosy
Lepton,Lepton
Lepus (sidus),Lepus (constellation)
Lesothum,Lesotho
Lettonia,Latvia
Leucaemia,Leukemia
Leucocyti,White blood cell
Lexicon,Dictionary
Libanus,Lebanon
Liber (litterae),Book
Liber Ecclesiastes,Ecclesiastes
Liber Esther,Book of Esther
Liber Exodus,Exodus
Liber Genesis,Genesis
Liber Iosue,Book of Joshua
Liber Iudicum,Book of Judges
Liber Leviticus,Leviticus
Liber Numeri,Book of Numbers
Liber Psalmorum,Psalms
Liber Ruth,Book of Ruth
Liber de Wintonia,Domesday Book
Liberalismus,Liberalism
Liberia,Liberia
Libertas,Freedom (philosophy)
Liberum arbitrium,Free will
Libra (sidus),Libra (constellation)
Libreville,Libreville
Libya,Libya
Lichen,Lichen
Lichtenstenum,Liechtenstein
Lien,Spleen
Liger,Loire River
Liger (praefectura Franciae),Loire
Lignum,Wood
Liguria,Liguria
Lilongwe,Lilongwe
Lima,Lima
Limon,Lemon
Lincolnia (Nebrasca),Lincoln
Linea aequatorialis,Equator
Linea commutationis diei,International Date Line
Lingua,Language
Lingua (membrum),Tongue
Lingua Africana,Afrikaans
Lingua Anglica,English language
Lingua Arabica,Arabic language
Lingua Flandrica,Flemish (linguistics)
Lingua Graeca Antiqua,Ancient Greek
Lingua Latina,Latin
Lingua Melitica,Maltese language
Lingua Navatlaca,Nahuatl
Lingua Nordica Antiqua,Old Norse
Lingua Novial,Novial
Lingua Quechua,Quechua
Lingua Sanscrita,Sanskrit
Lingua Scotica,Scottish Gaelic
Lingua Sinensis Mandarinica,Mandarin (linguistics)
Lingua Slavica Ecclesiastica,Old Church Slavonic
Lingua Theodisca,German language
Lingua franca,Lingua franca
Lingua programmandi,Programming language
Linguistica,Linguistics
Linter,Boat
Linus Pauling,Linus Pauling
Linux,Linux
Lipsia,Leipzig
Lithium,Lithium
Litrum,Litre
Littera,Letter (alphabet)
Litterae,Literature
Lituania,Lithuania
Litus,Beach
Litus Longum,Long Beach
Liverpolium,Liverpool
Livonia,Livonia
Lixivium,Sodium hydroxide
Logarithmus,Logarithm
Logica,Logic
Lolita,Lolita
Londinium,London
Longitudo,Length
Lotharingia,Lorraine (region)
Luanda,Luanda
Lucania,Basilicata
Lucerna (urbs),Lucerne
Lucianus Pavarotti,Luciano Pavarotti
Lucifer,Lucifer
Luconia,Luzon
Lucretia Borgia,Lucrezia Borgia
Lucretius,Lucretius
Ludificatio Calendarum Aprilium,April Fools' Day
Ludoviciana,Louisiana
Ludovicopolis,Louisville
Ludovicus Boltzmann,Ludwig Boltzmann
Ludovicus Braille,Louis Braille
Ludovicus Carroll,Lewis Carroll
Ludovicus II (rex Franciae),Louis the Stammerer
Ludovicus Pasteur,Louis Pasteur
Ludovicus Pirandello,Luigi Pirandello
Ludovicus Pius,Louis the Pious
Ludovicus Wittgenstein,Ludwig Wittgenstein
Ludovicus van Beethoven,Ludwig van Beethoven
Ludus,Game
Ludus athleticus,Sport
Ludus canistri,Basketball
Ludus tabularis,Board game
Lugdunum,Lyon
Lugdunum Batavorum,Leiden
Luna (satelles),Moon
Lunda,Lund
Lupus,Gray Wolf
Lupus (sidus),Lupus (constellation)
Lusaca,Lusaka
Lusitania,Portugal
Lusitania (provincia Romana),Lusitania
Lutetia,Paris
Lutetium,Lutetium
Lux,Light
Luxemburgum,Luxembourg
Luxemburgum (urbs),Luxembourg (city)
Lycanthropus,Werewolf
Lycopersicum,Tomato
Lydia (regnum),Lydia
Lynx (sidus),Lynx (constellation)
Lyra (sidus),Lyra
M,M
MRNA,Messenger RNA
Macbeth,Macbeth
Macedonia Graeca,Macedonia (Greece)
Machina,Machine
Machina vectrix,Locomotive
Machometus,Muhammad
Macropus,Kangaroo
Madagascaria,Madagascar
Madisonia,Madison
Madonna (cantrix),Madonna (entertainer)
Magia (ars),Magic (paranormal)
Magister,Teacher
Magna charta libertatum,Magna Carta
Magnes,Magnet
Magnesium,Magnesium
Magnitudo absoluta,Absolute value
Magnoliophyta,Flowering plant
Magnus Beniaminus,Clock Tower
Mahatma Gandhi,Mahatma Gandhi
Maimonides,Maimonides
Maiorica,Majorca
Maius,May
Malabo,Malabo
Malachites,Malachite
Malaesia,Malaysia
Malaria,Malaria
Malium,Mali
Malleus (instrumentum),Hammer
Maltosium,Maltose
Malum,Apple
Malvaceae,Malvaceae
Mamma,Breast
Mammalia,Mammal
Mammuthus,Mammoth
Managua,Managua
Manama,Manama
Manatus,Manatee
Mancunium,Manchester
Manganum,Manganese
Mangifera,Mango
Manhemium,Mannheim
Manila,Manila
Manitoba,Manitoba
Mantua,Mantua
Manuballista (sensu stricto),Crossbow
Manus,Hand
Manuscriptum,Manuscript
Mao Zedong,Mao Zedong
Maputo,Maputo
Marcellus Proust,Marcel Proust
Marchiae,Marche
Marcus Antonius,Mark Antony
Marcus Aurelius,Marcus Aurelius
Marcus Chagall,Marc Chagall
Marcus Iunius Brutus,Marcus Junius Brutus
Marcus Paulus Venetus,Marco Polo
Marcus Tullius Cicero,Cicero
Marcus Vipsanius Agrippa,Marcus Vipsanius Agrippa
Mare,Sea
Mare Aegaeum,Aegean Sea
Mare Aral,Aral Sea
Mare Balticum,Baltic Sea
Mare Caribicum,Caribbean Sea
Mare Caspium,Caspian Sea
Mare Germanicum,North Sea
Mare Iaponicum,Sea of Japan
Mare Ligusticum,Ligurian Sea
Mare Mediterraneum,Mediterranean Sea
Mare Mortuum,Dead Sea
Mare Tyrrhenicum,Tyrrhenian Sea
Margarita Thatcher,Margaret Thatcher
Maria Antonia Iosepha Ioanna Habsburgum,Marie Antoinette
Maria Callas,Maria Callas
Maria Curie,Marie Curie
Maria Ludovica Streep,Meryl Streep
Maria Magdalena,Mary Magdalene
Maria Magdalena Dietrich,Marlene Dietrich
Marilyn Monroe,Marilyn Monroe
Mark Twain,Mark Twain
Marmor,Marble
Marocum,Morocco
Mars,Mars (disambiguation)
Mars (deus),Mars (mythology)
Marsupialia,Marsupial
Martinica,Martinique
Martinus Buber,Martin Buber
Martinus Heidegger,Martin Heidegger
Martinus Lutherus,Martin Luther
Martinus Lutherus King Jr.,Martin Luther King
Martinus Scorsese,Martin Scorsese
Martinus Van Buren,Martin Van Buren
Martius,March
Martyr,Martyr
Maseru,Maseru
Massachusetta,Massachusetts
Massachusettense Institutum Technologiae,Massachusetts Institute of Technology
Massilia,Marseille
Masturbatio,Masturbation
Mater,Mother
Mater Teresa,Mother Teresa
Materia nigra,Dark matter
Mathematica,Mathematics
Matrimonium,Marriage
Matritum,Madrid
Mauretania,Mauritania
Mauritia,Mauritius
Maximianus,Maximian
Maximilianus Planck,Max Planck
Maximilianus Weber,Max Weber
Maximus Bruch,Max Bruch
Mbabane,Mbabane
Mecca,Mecca
Mechanica Newtoniana,Classical mechanics
Mechanica quantica,Quantum mechanics
Medea (mythologia),Medea
Medicina,Medicine
Medicus,Physician
Medina,Medina
Mediolanum,Milan
Medium Aevum,Middle Ages
Meduana (praefectura Franciae),Mayenne
Medulla,Kernel (computer science)
Medulla ossium,Bone marrow
Medulla spinalis,Spinal cord
Medusa,Medusa
Meitnerium,Meitnerium
Mel,Honey
Mel Gibson,Mel Gibson
Melanesia,Melanesia
Melita (res publica),Malta
Melongena,Eggplant
Melpomene,Melpomene
Memphis (Tennesia),Memphis
Mendelevium,Mendelevium
Menelaus,Menelaus
Meningitis,Meningitis
Mensa (sidus),Mensa (constellation)
Mensis,Month
Menstruatio,Menstruation
Mensura,Measurement
Mercurius,Mercury
Mercurius (deus),Mercury (mythology)
Mercurius (planeta),Mercury (planet)
Meridianus,Meridian (geography)
Merula,Blackbird
Meschita,Mosque
Mesopotamia,Mesopotamia
Messana,Messina
Metal (musica),Heavy metal music
Metallum,Metal
Metallum alkalicum,Alkali metal
Metaphysica,Metaphysics
Metastasis,Metastasis
Metempsychosis,Reincarnation
Meteorologia,Meteorology
Methanal,Formaldehyde
Methanol,Methanol
Metrum,Metre
Metrum cubicum,Cubic metre
Metrum quadratum,Square metre
Mexicopolis,Mexico City
Mexicum,Mexico
Miamia,Miami
Micatio Sinensis,Rock
Michael Angelus Bonarotius,Michelangelo
Michael Angelus Merisi Caravaggius,Caravaggio
Michael Faraday,Michael Faraday
Michael Gorbachev,Mikhail Gorbachev
Michael Ney,Michel Ney
Michael Nostradamus,Nostradamus
Michael de Cervantes,Miguel de Cervantes
Michigania,Michigan
Michiganus Lacus,Lake Michigan
Microbiologia,Microbiology
Microscopium (sidus),Microscopium
Mille,1000 (number)
Millennium,Millennium
Millimetrum,Millimetre
Milton Friedman,Milton Friedman
Milvardus Fillmore,Millard Fillmore
Milvauchia,Milwaukee
Mindanao,Mindanao
Minerale,Mineral
Minerva,Minerva
Minneapolis (Minnesota),Minneapolis
Minnesota,Minnesota
Minotaurus,Minotaur
Minscum,Minsk
Minutum,Minute
Missa,Mass (liturgy)
Missisippius Fluvius,Mississippi River
Missuria,Missouri
Mitochondrium,Mitochondrion
Moderator cinematographicus,Film director
Moenus,Main
Mogadiscio,Mogadishu
Mogolia,Mongolia
Molecula,Molecule
Molensis,Molise
Moles (agger),Dam
Mollusca,Mollusca
Molybdenum,Molybdenum
Monacum,Munich
Monapia,Isle of Man
Monarchia,Monarchy
Monasterium,Monastery
Monitorium,Computer display
Monoecus,Monaco
Monopolium,Monopoly
Monotremata,Monotreme
Monoxidum Carbonis,Carbon monoxide
Monrovia,Monrovia
Mons,Mountain
Mons (Vallonia),Mons
Mons Caroli,Monte Carlo
Mons Everestis,Mount Everest
Mons Fusius,Mount Fuji
Mons Leoninus,Sierra Leone
Mons Niger,Montenegro
Mons Regius,Montreal
Mons Sanctae Helenae,Mount St. Helens
Mons Viridis,Vermont
Mons ignifer,Volcano
Montana,Montana
Monterrey,Monterrey
Montes Saxosi,Rocky Mountains
Montevideo,Montevideo
Montserrat,Montserrat
Moravia (terra),Moravia
Morbillus,Measles
Morbus,Disease
Morbus dissidentiae phreneticae,Schizophrenia
Mors,Death
Mosa,Meuse River
Mosa (praefectura Franciae),Meuse
Moscua,Moscow
Mosella (praefectura Franciae),Moselle
Motetus,Motet
Motus animi,Emotion
Moyses,Moses
Mozambicum,Mozambique
Muhammad Ali,Muhammad Ali
Mulier,Woman
Mumbai,Mumbai
Murus Sinicus,Great Wall of China
Mus,Mouse
Mus,House Mouse
Mus (computatralis),Mouse (computing)
Musa,Muse
Musca (sidus),Musca
Musculus,Muscle
Museum,Museum
Museum Lupariense,Louvre
Musica,Music
Musica Technica,Techno
Musica popularis,Pop music
Musica rockica,Rock music
Musicus,Musician
Mustelidae,Mustelidae
My,Mu (letter)
Mycenae,Mycenae
Myon,Muon
Mystica,Mysticism
Mythistoria,Novel
Mythistoriae rerum futurarum,Science fiction
Mythologia,Mythology
Mythologia Graeca,Greek mythology
Mythologia Romana,Roman mythology
N,N
Nagasacium (urbs),Nagasaki
Nagoia,Nagoya
Nairobia,Nairobi
Namibia,Namibia
Namurcum,Namur (city)
Nanceium,Nancy
Nasburgum,Nashville
Nasus,Nose
Natatio,Swimming
Natio,Nation
Nationalis Socialistica Laboratorum Factio Germanica,Nazi Party
Natrii Chloridum,Sodium chloride
Natrium,Sodium
Natura,Nature
Nauruna Insula,Nauru
Navis,Ship
Nazara,Nazareth
Neanthopolis,Addis Ababa
Neapolis,Naples
Nebrasca,Nebraska
Nebula (astronomia),Nebula
Nebula (meteorologia),Fog
Neccarus,Neckar
Nederlandia,Netherlands
Nematoda,Nematode
Nemesis,Nemesis (mythology)
Nemetacum,Arras
Neodymium,Neodymium
Neolithicum,Neolithic
Neologismus,Neologism
Neon,Neon
Neoplatonismus,Neoplatonism
Nepalia,Nepal
Neptunium,Neptunium
Neptunus (planeta),Neptune
Nerdiludium,Backgammon
Nero Claudius Caesar Augustus Germanicus,Nero
Nerva,Nerva
Neuron,Neuron
Neutron,Neutron
Neville Chamberlain,Neville Chamberlain
Newtonium,Newton
Nialus Armstrong,Neil Armstrong
Niamey,Niamey
Nicaea (Francia),Nice
Nicaragua,Nicaragua
Niccolum,Nickel
Nicolaus Bohr,Niels Bohr
Nicolaus Copernicus,Nicolaus Copernicus
Nicolaus Myrensis,Saint Nicholas
Nicolaus Tesla,Nikola Tesla
Nicosia,Nicosia
Niger,Niger
Niger (color),Black
Nigeria,Nigeria
Nigra silva,Black Forest
Nilus,Nile
Niobium,Niobium
Nitrogenium,Nitrogen
Nivata,Nevada
Nix,Snow
Noam Chomsky,Noam Chomsky
Nobelium,Nobelium
Noe,Noah
Nomen (grammatica Latina),Noun
Nominativus,Nominative case
Norfolcia,Norfolk
Norimberga,Nuremberg
Norma (sidus),Norma (constellation)
Norman Mailer,Norman Mailer
Normannia,Normandy
Normannia Inferior,Basse-Normandie
Normannia Superior,Haute-Normandie
Norvegia,Norway
Nouakchott,Nouakchott
Nova Anglia,New England
Nova Aurelia,New Orleans
Nova Caesarea,New Jersey
Nova Caledonia,New Caledonia
Nova Cambria Australis,New South Wales
Nova Guinea,New Guinea
Nova Hantonia,New Hampshire
Nova Scotia,Nova Scotia
Nova Zelandia,New Zealand
Nova Zemla,Novaya Zemlya
Novacula Guillelmi de Ockham,Occam's razor
Novem,9 (number)
November,November
Novosibirscum,Novosibirsk
Novum Brunsvicum,New Brunswick
Novum Eboracum,New York
Novum Mexicum,New Mexico
Novum Testamentum,New Testament
Novus Burgus,Newport
Nox,Night
Nubes,Cloud
Numerus,Number
Numerus Euleri,E (mathematical constant)
Numerus atomicus,Atomic number
Numerus complexus,Complex number
Numerus cursualis,Postal code
Numerus impar,Parity (mathematics)
Numerus integer,Integer
Numerus irrationalis,Irrational number
Numerus naturalis,Natural number
Numerus pi,Pi
Numerus primus,Prime number
Numerus rationalis,Rational number
Numerus realis,Real number
Numidia,Numidia
Nunavut,Nunavut
Nux,Nut (fruit)
Ny,Nu (letter)
N'Diamena,N'Djamena
O,O
OTAN,NATO
Oasis,Oasis
Obius,Ob River
Occitania et Ruscino,Languedoc-Roussillon
Oceania,Oceania
Oceanologia,Oceanography
Oceanus,Ocean
Oceanus Arcticus,Arctic Ocean
Oceanus Atlanticus,Atlantic Ocean
Oceanus Britannicus,English Channel
Oceanus Indicus,Indian Ocean
Oceanus Pacificus,Pacific Ocean
Oclahoma,Oklahoma
Octans (sidus),Octans
Octo,8 (number)
October,October
Octoginta,80 (number)
Octopus,Octopus
Oculus,Eye
Odessus (Bulgaria),Varna
Odonata,Odonata
Odyssea,Odyssey
Oecologia,Ecology
Oeconomia,Economics
Oecumenicum Concilium,Ecumenical council
Oedipus,Oedipus
Oesophagus,Esophagus
Ohium,Ohio
Olea,Olive
Oligarchia,Oligarchy
Olisipo,Lisbon
Olivarius Cromwell,Oliver Cromwell
Oliverius Stone,Oliver Stone
Olor,Swan
Oltis (praefectura Franciae),Lot (department)
Olympia (certamina),Olympic Games
Olympia Hiemalia,Winter Olympic Games
Olympus mons,Mount Olympus
Omaha,Omaha
Omania,Oman
Omega,Omega
Omicron,Omicron
Onca,Jaguar
Ontario,Ontario
Ontologia,Ontology
Onus electricum,Electric charge
Opalus,Opal
Ophiuchus (sidus),Ophiuchus
Oppidum,Town
Optica,Optics
Opus Tessellatum,Mosaic
Ora Opulenta,Costa Rica
Orca,Orca
Orchestra,Orchestra
Ordo (Taxon),Order (biology)
Ordo Fratrum Minorum,Franciscan
Ordo Sancti Benedicti,Order of Saint Benedict
Oregonia,Oregon
Orestes,Orestes (mythology)
Organizatio,Organization
Organizatio Alimentaria et Agriculturalis,Food and Agriculture Organization
Organum tubulatum,Organ (music)
Orgasmus,Orgasm
Oriens Medius,Middle East
Origanum vulgare,Oregano
Origenes,Origen
Orion (sidus),Orion (constellation)
Ornithologia,Ornithology
Ornithorhynchus,Platypus
Orpheus,Orpheus
Orson Welles,Orson Welles
Orthographia,Orthography
Oryza,Rice
Os (ossis - anatomia),Bone
Osaca,Osaka
Osiris,Osiris
Osmium,Osmium
Osteichthyes,Osteichthyes
Osteoporosis,Osteoporosis
Ostravia,Ostrava
"Othello, Maurus Venetiae",Othello
Othinus,Odin
Otho,Otho
Otho de Bismarck,Otto von Bismarck
Ottava,Ottawa
Otto I Magnus,Otto I
Ovarium,Ovary
Ovetus,Oviedo
Ovi,Unidentified flying object
Ovum,Egg (biology)
Oxidum,Oxide
Oxonia,Oxford
Oxygenium,Oxygen
P,P
Padus,Po River
Paediatria,Pediatrics
Paeninsula,Peninsula
Paeninsula Balcanica,Balkans
Paeninsula Indosinensis,Indochina
Pagi Ligeris (regio Franciae),Pays de la Loire
Pakistania,Pakistan
Palaeolithicum,Paleolithic
Palaeontologia,Paleontology
Palaestina,Palestine
Pali,Pali
Palindromus,Palindrome
Palladium,Palladium
Palmyra,Palmyra
Palus Maeotis,Sea of Azov
Pan (deus),Pan (mythology)
Panama,Panama
Pancreas,Pancreas
Panda maior,Giant Panda
Pangaea,Pangaea
Panis,Bread
Panormus,Palermo
Pantheon,Pantheon
Panthera,Panthera
Papa,Pope
Papilio,Butterfly
Papua Nova Guinea,Papua New Guinea
Papyrus (charta),Papyrus
Paracelsus,Paracelsus
Paraguaia,Paraguay
Parallelogramma,Parallelogram
Paramaribo,Paramaribo
Pardus,Leopard
Paris (Mythologia),Paris (mythology)
Parlamentum,Parliament
Parmenides,Parmenides
Parthenon,Parthenon
Pascal,Pascal (programming language)
Pascha,Passover
Pascha (festum Christianum),Easter
Passer domesticus,House Sparrow
Passeriformes,Passerine
"Passus, Texiae",El Paso
Patagonia,Patagonia
Patata,Potato
Patavium (urbs),Padua
Pater noster,Lord's Prayer
Patinaticum,Figure skating
Patrae,Patras
Patriarcha,Patriarch
Paulus,Paul the Apostle
Paulus Klee,Paul Klee
Paulus Neruda,Pablo Neruda
Paulus Newman,Paul Newman
Paulus Picasso,Pablo Picasso
Paulus de Hindenburg,Paul von Hindenburg
Paupertas,Poverty
Pavo (sidus),Pavo (constellation)
Pax,Peace
Pax Westphalica,Peace of Westphalia
Paxia,La Paz
Peccatum,Sin
Pechinum,Beijing
Pecunia,Money
Pedemontium,Piedmont
Pedes (scacci),Pawn (chess)
Pediludium,Football (soccer)
Pegasus (mythologia),Pegasus
Pegasus (sidus),Pegasus (constellation)
Pellicula,Film
Peloponnesus,Peloponnese
Penelope,Penelope
Pennsilvania,Pennsylvania
Pentecostes,Pentecost
Pepsi,Pepsi
Pericles,Pericles
Permia,Perm
Perpetuum mobile,Perpetual motion
Persea americana,Avocado
Persepolis,Persepolis
Perseus,Perseus
Perseus (sidus),Perseus (constellation)
Perthia,Perth
Peruvia,Peru
Pervigilium Omnium Sanctorum,Halloween
Pes,Foot
Pestis,Bubonic plague
Petroleum,Kerosene
Petropolis,Saint Petersburg
Petroselinum,Parsley
Petrus,Saint Peter
Petrus Abaelardus,Peter Abelard
Petrus Paulus Rubens,Peter Paul Rubens
Petrus de Fermat,Pierre de Fermat
Phalacrocorax carbo,Cormorant
Pharao,Pharaoh
Pharus,Lighthouse
Pharynx,Pharynx
Phascolarctos cinereus,Koala
Phi,Phi (letter)
Philadelphia,Philadelphia
Philatelista,Postage stamp
Philippinae,Philippines
Philippopolis,Plovdiv
Philippus Brunelleschi,Filippo Brunelleschi
Philippus II (Macedonum rex),Philip II of Macedon
Philippus II (rex Hispaniae),Philip II of Spain
Philologia,Philology
Philosophia,Philosophy
Phnom Penh,Phnom Penh
Phobos (satelles),Phobos (moon)
Phoenices,Phoenicia
Phoenix,Phoenix (mythology)
Phoenix (Arizona),Phoenix
Phoenix (sidus),Phoenix (constellation)
Phonetica,Phonetics
Phonologia,Phonology
Phosphorus,Phosphorus
Photon,Photon
Photosynthesis,Photosynthesis
Phre,Ra
Phthas,Ptah
Phthisis,Tuberculosis
Phylarchiarum Arabicarum Confoederatio,United Arab Emirates
Phylum (Taxon),Phylum
Physica,Physics
Physica electromagnetica,Electromagnetism
Physica particularum elementariarum,Particle physics
Physiologia,Physiology
Pi (littera Graeca),Pi (letter)
Pica,European Magpie
Picardia,Picardie
Pictaviensis et Carantoni,Poitou-Charentes
Pictavium,Poitiers
Pictor (sidus),Pictor
Pietas Iulia,Pula
Pila,Ball
Pilsna,Pilsen
Pilus,Hair
Pindarus,Pindar
Pinus,Pine
Pisae,Pisa
Pisces (sidus),Pisces (constellation)
Piscis,Fish
Pittsburgum,Pittsburgh
Placentula,Pizza
Placita Marxiana,Marxism
Plancton,Plankton
Planeta,Planet
Planetaris nebula,Planetary nebula
Planta,Plant
Platinum,Platinum
Plato,Plato
Platyhelminthes,Flatworm
Plimmuta,Plymouth
Plotinus,Plotinus
Plumbum,Lead
Plutarchus,Plutarch
Pluto,Pluto (disambiguation)
Pluto (planetula),Pluto
Plutonium,Plutonium
Pluvia,Rain
Pneumonia,Pneumonia
Poesis epica,Epic poetry
Pollen,Pollen
Pollex (anatomia),Thumb
Polonia,Poland
Polonium,Polonium
Polus australis,South Pole
Polus septentrionalis,North Pole
Polyhymnia,Polyhymnia
Polynesia,Polynesia
Polynesia Francogallica,French Polynesia
Pompeii,Pompeii
Pondus Hydrogenii,PH
Pondus et Massa,Mass
Pongo,Orangutan
Pons,Bridge
Pons Aeni,Innsbruck
Pontius Pilatus,Pontius Pilate
Pontus Euxinus,Black Sea
Populus (genus plantarum),Poplar
Populus Iudaicus,Jew
Porifera,Sponge
Pornographia,Pornography
Portlandia (Oregonia),Portland
Portlandia (discretiva),Portland
Portus,Port
Portus Cale,Porto
Portus Dives,Puerto Rico
Portus Ludovici,Port Louis
Portus Magnus,Portsmouth
Portus Mariae,Mariehamn
Portus Namnetum,Nantes
Portus Principis,Port-au-Prince
Posidon,Poseidon
Positron,Positron
Potentia (mathematica),Exponentiation
Potestampium,Potsdam
Potio,Drink
Poësis,Poetry
Poësis elegiaca,Elegy
Praecipitatio,Precipitation (meteorology)
Praehistoricum aevum,Prehistory
Praemia Academiae,Academy Award
Praemium Nobelianum,Nobel Prize
Praeses,President
Praeses vicarius Civitatum Foederatarum Americae,Vice President of the United States
Praesidens Civitatum Foederatarum Americae,President of the United States
Praetor,Praetor
Praetoria,Pretoria
Praga,Prague
Praia,Praia
Praseodymium,Praseodymium
Pretium,Price
Prex,Prayer
Priamus,Priam
Prima Cruciata,First Crusade
Prima acies (artis),Avant-garde
Primates,Primate
"Princeps Philippus, dux Edimburgi",Prince Philip
Principium exclusionis Pauli,Pauli exclusion principle
Procaryota,Prokaryote
Processor,Microprocessor
Processorium centrale,Central processing unit
Productus domesticus grossus,Gross domestic product
Proelium Lepantinum,Battle of Lepanto (1571)
Proelium Waterlooense,Battle of Waterloo
Prometheus,Prometheus
Promethium,Promethium
Promontorium Bonae Spei,Cape of Good Hope
Promontorium Viride,Cape Verde
Promunturium Cannaveralium,Cape Canaveral
Pronomen,Pronoun
Propaganda,Propaganda
Propanum,Propane
Propheta,Prophet
Prosa,Prose
Prostata,Prostate
Protactinium,Protactinium
Proteinum,Protein
Protestantes,Protestantism
Proton,Proton
Protozoa,Protozoa
Providentia (Rhodensis Insula),Providence
Prunus armeniaca,Apricot
Prunus persica,Peach
Psi,Psi (letter)
Psittacus,Parrot
Psychiatria,Psychiatry
Psychologia,Psychology
Pubertas,Puberty
Publius Cornelius Scipio Africanus,Scipio Africanus
Publius Ovidius Naso,Ovid
Publius Vergilius Maro,Virgil
Pulmo,Lung
Pulsar,Pulsar
Puma,Cougar
Pumilio alba,White dwarf
Punica malus,Pomegranate
Puniceus,Pink
Pupilla,Pupil
Puppis (sidus),Puppis
Pyramis (geometria),Pyramid (geometry)
Pyrenaei,Pyrenees
Pyrobolus,Bomb
Pyrus,Pear
Pythagoras,Pythagoras
Python,Python (programming language)
Pyungyang,Pyongyang
Pyxis (sidus),Pyxis
Pyxis nautica,Compass
Q,Q
Quadragena,Quarantine
Quadragesima,Lent
Quadraginta et duo,42 (number)
Quadrum,Square (geometry)
Quarcum,Quark
Quasar,Quasar
Quataria,Qatar
Quattuor,4 (number)
Quattuordecim,14 (number)
Quebecum,Quebec
Quercupolis (California),Oakland
Quercus,Oak
Quercus robur,Pedunculate Oak
Quetzalcoatl,Quetzalcoatl
Quindecim,15 (number)
Quinque,5 (number)
Quintus Horatius Flaccus,Horace
Quintus Septimus Florens Tertullianus,Tertullian
Quitum,Quito
R,R
RAF,RAF (disambiguation)
RAM,Random access memory
ROM,Read-only memory
Rabat,Rabat
Radiatio Cosmica Microondica Prisca,Cosmic microwave background radiation
Radium,Radium
Radon,Radon
Ragusa,Dubrovnik
Raimundus Bradbury,Ray Bradbury
Rainierus Maria Rilke,Rainer Maria Rilke
Ramayana,Ramayana
Ramses II,Ramesses II
Rana,Frog
Raphael Sanctius Urbinas,Raphael
Rattus,Rat
Ravenna,Ravenna
Recessio oeconomica,Recession
Rectangulum,Rectangle
Reformatio,Protestant Reformation
Regalis Societas Londini,Royal Society
Reggae,Reggae
Regina (scacci),Queen (chess)
Regio,Region
Relativitas generalis,General relativity
Relativitas specialis,Special relativity
Religio,Religion
Religio Christiana,Christianity
Religio Germanica,Norse mythology
Religio Islamica,Islam
Religio Iudaica,Judaism
Religio Pantheia,Pantheism
Religio monotheistica,Monotheism
Religiosa Amicorum Sodalitas,Religious Society of Friends
Rembrandus,Rembrandt
Ren,Kidney
Renascentia litterarum,Renaissance
Reptilia,Reptile
Requiem,Requiem
Res Novae Francicae,French Revolution
Res Publica,Republic
Res Publica Popularis Sinarum,People's Republic of China
Res Publica Vimariana,Weimar Republic
Res informatica,Computer software
Res novae,Revolution
Res publica Bohemica,Czech Republic
Res publica Democratica Germanica,East Germany
Res publica Romana,Roman Republic
Res publica Sancti Marini,San Marino
Respublica Africae Mediae,Central African Republic
Respublica Congensis,Republic of the Congo
Respublica Coreae,South Korea
Respublica Dominicana,Dominican Republic
Respublica Moldavica,Moldova
Respublica Popularis Congensis,Democratic Republic of the Congo
Respublica Populi Democratica Coreae,North Korea
Respublica Sinarum,Republic of China
Restitorium,Resistor
Reticulum,Reticulum
Revolutio Octobris Russica,October Revolution
Rex (scacci),King (chess)
Rha,Volga River
Rhea,Rhea (mythology)
Rhea (satelles),Rhea (moon)
Rhenium,Rhenium
Rhenus,Rhine
Rhinoceros,Rhinoceros
Rho,Rho (letter)
Rhodensis Insula,Rhode Island
Rhodium,Rhodium
Rhodus,Rhodes
Riadum,Riyadh
Ribosoma,Ribosome
Ricardus Feynman,Richard Feynman
Ricardus Nixon,Richard Nixon
Ricardus Starkey,Ringo Starr
Riga,Riga
Robertus Boyle,Robert Boyle
Robertus Burns,Robert Burns
Robertus De Niro,Robert De Niro
Robertus Fischer,Bobby Fischer
Robertus Hooke,Robert Hooke
Robertus Koch,Robert Koch
Robertus Ludovicus Stevenson,Robert Louis Stevenson
Robertus Marley,Bob Marley
Robertus Oppenheimer,Robert Oppenheimer
Robertus Owen,Robert Owen
Robertus Redford,Robert Redford
Robertus Schumann,Robert Schumann
Robertus Zimmerman,Bob Dylan
Robotum,Robot
Rodentia,Rodent
Rodericus Didaci,El Cid
Rodoaldus Amundsen,Roald Amundsen
Roentgenium,Roentgenium
Roma,Rome
Romancica lingua,Romansh
Romania,Romania
Ronaldus Reagan,Ronald Reagan
Rosa (planta),Rose
Rosa Parks,Rosa Parks
Rosarium (oratio),Rosary
Rostochium,Rostock
Rostrum (beccus),Beak
Rota,Wheel
Roterodamum,Rotterdam
Ruanda,Rwanda
Ruber,Red
Rubidium,Rubidium
Rubribaculum,Baton Rouge
Rudolfus Hess,Rudolf Hess
Rupertus Murdoch,Rupert Murdoch
Rupes Alba,Mont Blanc
Ruscisilva,Hollywood
Russia,Russia
Ruthenia Alba,Belarus
Ruthenium,Ruthenium
Rutherfordia Birchard Hayes,Rutherford B. Hayes
Rutherfordium,Rutherfordium
S,S
SCDI,AIDS
Saccharidum,Carbohydrate
Saccharon,Sugar
Saccharosium,Sucrose
Sachus,Shah
Sacramentum,Sacrament
Sacramentum (California),Sacramento
Saddamus Hussein,Saddam Hussein
Saeculum,Century
Safranum,Saffron
Sagitta (sidus),Sagitta
Sagittarius (sidus),Sagittarius (constellation)
Sahada,Shahadah
Sahara,Sahara
Sahara Occidentalis,Western Sahara
Sal,Salt (chemistry)
Sal,Salt
Saladinus,Saladin
Salernum,Salerno
Salinae Saxonicae,Halle
Salisburgum,Salzburg
Salisburgum (civitas),Salzburg (state)
Saliva,Saliva
Salix,Willow
Salomon (rex),Solomon
Saltatio,Dance
Salus,Health
Salvatoria,El Salvador
Samara (Russia),Samara
Samara (praefectura Franciae),Somme
Samarium,Samarium
Samoa,Samoa
Samoa Americana,American Samoa
Samuel Beckett,Samuel Beckett
Samurai,Samurai
San Salvador,San Salvador
Sancta Lucia (civitas),Saint Lucia
Sancta Sophia,Hagia Sophia
Sanctae Fidei fanum (CFA),Santa Fe
Sanctiacobi,Santiago
Sanctus,Saint
Sanctus Antonius (Texia),San Antonio
Sanctus Franciscus Assisiensis,Francis of Assisi
Sanctus Georgius,Saint George
Sanctus Iacobus Maior,James
Sanctus Ioannes Baptista,John the Baptist
Sanctus Iosephus (California),San Jose
Sanctus Patricius,Saint Patrick
Sanctus Paulus (Minnesota),Saint Paul
Sanctus Thomas Aquinas,Thomas Aquinas
Sanctus Thomas Morus,Thomas More
Sanguis,Blood
Sapphirus,Sapphire
Sappho,Sappho
Sapporia,Sapporo
Sara Bernhardt,Sarah Bernhardt
Saratovia,Saratov
Sarcophilus harrisii,Tasmanian Devil
Sardinia,Sardinia
Saskatchewan,Saskatchewan
Satanas,Satan
Satura,Satire
Saturnus,Saturn (disambiguation)
Saturnus (deus),Saturn (mythology)
Saturnus (planeta),Saturn
Satyrus,Satyr
Saxonia,Saxony
Saxonia Inferior,Lower Saxony
Scacci,Chess
Scaldis,Scheldt
Scandinavia,Scandinavia
Scandium,Scandium
Scapula,Scapula
Scepticismus,Skepticism
Schola,School
Scientia,Science
Scientia,Knowledge
Sciurus,Sciuridae
Sclopetum,Firearm
Scorpio,Scorpion
Scorpius,Scorpius
Scotia,Scotland
Scrabularum ludus,Scrabble
Scrotum,Scrotum
Sculptor (sidus),Sculptor (constellation)
Sculptura,Sculpture
Scupi,Skopje
Scyphozoa,Jellyfish
Seaborgium,Seaborgium
Seattlum,Seattle
Sebastopolis,Sevastopol
Secale,Rye
Secunda Cruciata,Second Crusade
Secundum,Second
Securis,Axe
Sedecim,16 (number)
Segovia,Segovia
Selachimorpha,Shark
Selene,Selene
Selenium,Selenium
Semiconductrum,Semiconductor
Senatus Civitatum Foederatarum,United States Senate
Senegalia,Senegal
Septem,7 (number)
September,September
Septendecim,17 (number)
Septuaginta,Septuagint
Sequana,Seine
Seraium,Sarajevo
Serbia,Serbia
Serdica,Sofia
Sergius Eisenstein,Sergei Eisenstein
Sermo vulgaris,Vulgar Latin
Serotoninum,Serotonin
Serpens (sidus),Serpens
Serpentes,Snake
Servitudo,Slavery
Seth,Set (mythology)
Seulum,Seoul
Sex,6 (number)
Sherlock Holmes,Sherlock Holmes
Siberia,Siberia
Sicagum,Chicago
Sicera,Cider
Sichismus,Sikhism
Sicilia,Sicily
Sicocus,Shikoku
Sidus,Constellation
Sigarellum,Cigarette
Sigismundus Freud,Sigmund Freud
Sigma,Sigma
Silesia,Silesia
Silex,Chert
Silex,Flint
Silica,Silicon dioxide
Silicium,Silicon
Siluriformes,Catfish
Silva,Forest
Simona de Beauvoir,Simone de Beauvoir
Sina,China
Singapura,Singapore
Sinus Bothnicus,Gulf of Bothnia
Sinus Codanus,Skagerrak
Sinus Mexicanus,Gulf of Mexico
Sirenes,Siren
Sirenia,Sirenia
Sirius,Sirius
Situs interretialis,Website
Slash,Slash (musician)
Slayer,Slayer
Slovacia,Slovakia
Slovenia,Slovenia
Smaragdus (lapis),Emerald
Smolenscum,Smolensk
Socialismus,Socialism
Societas Civitatum,League of Nations
Societas Iesu,Society of Jesus
Societas cooperativa,Cooperative
Societas hominum,Society
Sociologia,Sociology
Socolata,Chocolate
Socrates,Socrates
Sol,Sun
Solanaceae,Solanaceae
Solanum,Deadly nightshade
Solidus,Solid
Sollemnitas Epiphaniae Domini,Epiphany (Christian)
Solon,Solon
Somalia,Somalia
Sonus,Note
Sonus (physica),Sound
Sophia Loren,Sophia Loren
Sophistae,Sophism
Sophocles,Sophocles
Sorghum,Sorghum
Spalatum,Split
Sparta,Sparta
Spatium lucis annuae,Light-year
Species,Species
Speculum,Mirror
Spedia,La Spezia
Spelunca,Cave
Spencer Tracy,Spencer Tracy
Sphaera,Sphere
Sphenisciformes,Penguin
Spinacia oleracea,Spinach
Spiritus Sanctus,Holy Spirit
Spreha,Spree
Squamata,Squamata
Sri Lanca,Sri Lanka
Stannum,Tin
Statio ferriviaria,Train station
Statistica,Statistics
Statua Libertatis,Statue of Liberty
Status Pontificius,Papal States
Status aggregandi,Phase (matter)
Status caeli,Weather
Stavanger,Stavanger
Stegosaurus,Stegosaurus
Stella neutronica,Neutron star
Stendhal,Stendhal
Stenographia,Shorthand
Stephanus Spielberg,Steven Spielberg
Stephanus Zweig,Stefan Zweig
Sternum,Sternum
Stibium,Antimony
Stoicismus,Stoicism
Stomachus,Stomach
Strontium,Strontium
Struthio,Ostrich
Stuttgartum,Stuttgart
Styx,Styx
Suazia,Swaziland
Subtractio,Subtraction
Succinum,Amber
Sucre,Sucre
Sudania,Sudan
Suecia,Sweden
Suffixum,Suffix
Suharto,Suharto
Sulphur,Sulfur
Sultanus,Sultan
Sumer,Sumer
Sumo (colluctatio),Sumo
Superaeon Praecambricus,Precambrian
Superconductrum,Superconductivity
Superman,Superman
Supernova,Supernova
Suricata suricatta,Meerkat
Surinamia,Suriname
Surregia,Surrey
Sus scrofa,Boar
Susanna Sontag,Susan Sontag
Sydneium,Sydney
Syllaba,Syllable
Symbolum Nicaenum,Nicene Creed
Synagoga,Synagogue
Syndicatus Mercaturae Mundanae,World Trade Organization
Syngraphus,Passport
Syntaxis,Syntax
Syphilis,Syphilis
Syracusae (Sicilia),Syracuse
Syria,Syria
Systema,System
Systema Internationale,International System of Units
Systema Periodicum,Periodic table
Systema administrativum computatrale,Operating system
Systema aerarium foederale,Federal Reserve System
Systema lymphaticum,Lymphatic system
Systema solare,Solar System
Syzygium aromaticum,Clove
T,T
Tabacum,Tobacco
Tabula geographica,Map
Tabula subrotata,Skateboard
Tadzikistania,Tajikistan
Tagus,Tagus
Tahiti,Tahiti
Taipeium,Taipei
Taivania,Taiwan
Tallahassia,Tallahassee
Tamerlanes,Timur
Tanais,Don River (Russia)
Tantalum,Tantalum
Tantalus,Tantalus
Tanzania,Tanzania
Taoismus,Taoism
Tapirus,Tapir
Tarandrus,Reindeer
Tarbatum,Tartu
Tardigrada,Tardigrade
Tarnis (praefectura Franciae),Tarn
Tasmania,Tasmania
Tau,Tau
Taurinum,Turin
Taurus (sidus),Taurus (constellation)
Taxinomia,Taxonomy
Technetium,Technetium
Technologia,Technology
Tectum,Roof
Tegucigalpa,Tegucigalpa
Teheranum,Tehran
Tela totius terrae,World Wide Web
Telavivum,Tel Aviv
Teleferica,Elevator
Telephonum,Telephone
Telephonum gestabile,Mobile phone
Telescopium,Telescope
Telescopium (sidus),Telescopium
Televisio,Television
Tellurium,Tellurium
Tellus (planeta),Earth
Telo Martius,Toulon
Temperatura thermodynamica,Temperature
Templum,Temple
Tempora anni,Season
Tempus,Time
Tennesia,Tennessee
Tenniludium,Tennis
Tenor,Tenor
Tensio electrica,Voltage
Terbium,Terbium
Terpsichore,Terpsichore
Terra Ignium,Tierra del Fuego
Terra Mariae,Maryland
Terra Nova,Newfoundland (island)
Terra Nova et Labrador,Newfoundland and Labrador
Terra Reginae,Queensland
Terrae motus,Earthquake
Territoria Septentrio-occidentalia,Northwest Territories
Testes Iehovah,Jehovah's Witnesses
Testis (membrum),Testicle
Testosteronum,Testosterone
Testudinidae,Tortoise
Testudo (bestia),Turtle
Tetanus,Tetanus
Tethys (satelles),Tethys (moon)
Texia,Texas
Textum (biologia),Tissue (biology)
Thailandia,Thailand
Thales Milesius,Thales
Thalia,Thalia
Thallium,Thallium
Thamesis,River Thames
Thea,Tea
Theatrum lyricum,Opera
Thebae (Graecia),Thebes
Themistocles,Themistocles
Theodoricus Bonhoeffer,Dietrich Bonhoeffer
Theodorus Dostoevskij,Fyodor Dostoevsky
Theodorus Mommsen,Theodor Mommsen
Theodorus Roosevelt,Theodore Roosevelt
Theodosius I,Theodosius I
Theologia,Theology
Theoria Chordarum,String theory
Theoria relativitatis,Theory of relativity
Thequondo,Taekwondo
Theranda,Tirana
Thermometrum,Thermometer
Theseus,Theseus
Thessalia,Thessaly
Thessalonica,Thessaloniki
Theta,Theta
Thetis,Thetis
Thomas Edison,Thomas Edison
Thomas Eduardus Lawrence,T. E. Lawrence
Thomas Hardy,Thomas Hardy
Thomas Hobbes,Thomas Hobbes
Thomas Jefferson,Thomas Jefferson
Thomas Mann,Thomas Mann
Thomas Robertus Malthus,Thomas Malthus
Thor,Thor
Thorium,Thorium
Thoth,Thoth
Thracia,Thrace
Thrombociti,Platelet
Thucydides,Thucydides
Thulium,Thulium
Thuringia,Thuringia
Thymus (planta),Thyme
Tiberis,Tiber
Tiberius (imperator),Tiberius
Tibetum,Tibet
Tibur,Tivoli
Ticinum (pagus),Ticino
Tigris,Tiger
Tigris (flumen),Tigris
Timoria Orientalis,East Timor
Tingis,Tangier
Titan (satelles),Titan (moon)
Titania (satelles),Titania (moon)
Titanium,Titanium
Titianus Vecellii,Titian
Titus (imperator),Titus
Titus Livius,Livy
Tocio,Tokyo
Togum,Togo
Toletum,Toledo
Tolosa,Toulouse
Tonga,Tonga
Torontum,Toronto
Tractorium,Tractor
Traditiones,Tradition
Tragoedia,Tragedy
Traianus,Trajan
Traiectum ad Rhenum,Utrecht (city)
Transformatrum,Transformer
Transistrum,Transistor
Transitus,Mountain pass
Transsilvania,Transylvania
Tredecim,13 (number)
Tremonia,Dortmund
Trentonia,Trenton
Tres,3 (number)
Triangulum,Triangle
Triangulum (sidus),Triangulum
Triangulum Australe (sidus),Triangulum Australe
Tributum,Tax
Triceratops,Triceratops
Tridentum,Trento
Triginta,30 (number)
Trigonometria,Trigonometry
Trilobita,Trilobite
Trinitas,Trinity
Trinitas et Tabacum,Trinidad and Tobago
Triphelis,Tbilisi
Tripolis Libysa,Tripoli
Trisceles,Triskelion
Triticum,Wheat
Triton (satelles),Triton (moon)
Tromocratia,Terrorism
Tronthemium,Trondheim
Tucana (sidus),Tucana
Tucson,Tucson
Tulipa,Tulip
Tunes,Tunis
Tunesia,Tunisia
Turbo,Tornado
Turcia,Turkey
Turcomannia,Turkmenistan
Turonum,Tours
Turris,Tower
Turris (scacci),Rook (chess)
Turris Eiffelia,Eiffel Tower
Tuscia,Tuscany
Tuvalu,Tuvalu
Tycho Brahe,Tycho Brahe
Typhon,Typhon
Typographia,Typography
Tyrannosaurus,Tyrannosaurus
Tyrus,Tyre
Tzadia,Chad
Tzar,Tsar
U,U
UTC,Coordinated Universal Time
Ucraina,Ukraine
Uganda,Uganda
Uiguristania,Xinjiang
Ulixes,Odysseus
Ulixes S. Grant,Ulysses S. Grant
Ulmus,Elm
Ulpia Noviomagus Batavorum,Nijmegen
Umbria,Umbria
Uncia,Inch
Undecim,11 (number)
Undetriginta,29 (number)
Undeviginti,19 (number)
Unguis,Nail (anatomy)
Unicornis,Unicorn
Unio Europaea,European Union
Unio Rerum Publicarum Socialisticarum Sovieticarum,Soviet Union
Unitas astronomica,Astronomical unit
Universitas,University
Universitas Columbiae,Columbia University
Universitas Cornelliana,Cornell University
Universitas Dukiana,Duke University
Universitas Pennsylvaniensis,University of Pennsylvania
Universitas Princetoniensis,Princeton University
Universitas Stanfordiensis,Stanford University
Universum,Universe
Unix,Unix
Ununbium,Ununbium
Ununhexium,Ununhexium
Ununpentium,Ununpentium
Ununquadium,Ununquadium
Ununtrium,Ununtrium
Unus,1 (number)
Upanishad,Upanishad
Upsalia (Suecia),Uppsala
Urales,Ural Mountains
Urania (musa),Urania
Uranium,Uranium
Uranus,Uranus (mythology)
Uranus (planeta),Uranus
Urbs Dzibutum,Djibouti (city)
Urbs Fluminensis,Rio de Janeiro
Urbs Hanseatica Brema,Bremen (state)
Urbs Novum Eboracum,New York City
Urbs Promontorii,Cape Town
Urbs Pulchri Horizontis,Belo Horizonte
Urbs Quebeci,Quebec City
Urbs Reginae,Regina
Urea,Urea
Urina,Urine
Ursa Maior (sidus),Ursa Major
Ursa Minor (sidus),Ursa Minor
Ursidae,Bear
Ursus arctos,Brown Bear
Ursus maritimus,Polar bear
Uruguaia,Uruguay
Usama bin Ladin,Osama bin Laden
Usbecia,Uzbekistan
Uta,Utah
Uterus,Uterus
Utopia,Utopia
Uva,Grape
V,V
Vagina,Vagina
Valentia,Valencia
Valentia (Francia),Valence
Valetudinarium,Hospital
Valletta,Valletta
Vampyrus,Vampire
Vanadium,Vanadium
Vancuverium (Columbia Britannica),Vancouver
Vandalitia,Andalusia
Vanuatu,Vanuatu
Vapincum,Gap
Varicella,Chickenpox
Varsovia,Warsaw
Varus (praefectura Franciae),Var (department)
Vas sanguineum,Blood vessel
Vasingtonia,Washington
"Vasingtonia, D.C.",Washington
Vecta,Isle of Wight
Vectis,Lever
Vela (sidus),Vela (constellation)
Vellingtonia,Wellington
Velocitas,Velocity
Vena,Vein
Venenum,Poison
Venenum,Toxicity
Venetia (regio),Veneto
Venetia (urbs),Venice
Venetiola,Venezuela
Ventus solaris,Solar wind
Venus,Venus (disambiguation)
Venus (dea),Venus (mythology)
Venus (planeta),Venus
Ver,Spring (season)
Verbum (grammatica Latina),Verb
Verbum (grammatica generalis),Word
Veritas,Truth
Vermes,Worm
Verona,Verona
Verruca,Wart
Versaliae,Versailles
Vertebra,Vertebra
Vertebrata,Vertebrate
Vesica biliaris,Gallbladder
Vespasianus,Vespasian
Vesper Sanctus,Christmas Eve
Vesta,Vesta (mythology)
Vestimenta,Clothing
Vesuvius mons,Mount Vesuvius
Vetus Testamentum,Old Testament
Vexillum Stellis Punctatum,The Star-Spangled Banner
Via,Road
Via lactea,Milky Way
Viadrus,Oder River
Vicingi,Viking
Vicipaedia:Porta eruditionis/Scriptorium/Canalis Panamae,Panama Canal
Victor Hugo,Victor Hugo
Victoria (Australia),Victoria (Australia)
Victoria (Insulae Seisellenses),Victoria
Victorius De Sica,Vittorio De Sica
Vientiane,Vientiane
Vietnamia,Vietnam
Vigenna (praefectura Franciae),Vienne
Vigil,Police
Viginti,20 (number)
Viginti duo,22 (number)
Viginti quattuor,24 (number)
Viginti quinque,25 (number)
Viginti septem,27 (number)
Viginti sex,26 (number)
Viginti tres,23 (number)
Viginti unus,21 (number)
Vilfredus Pareto,Vilfredo Pareto
Vilna,Vilnius
Vimaria,Weimar
Vincentius Bellini,Vincenzo Bellini
Vincentius van Gogh,Vincent van Gogh
Vinculum chemicum,Chemical bond
Vindobona,Vienna
Vinstonis Churchill,Winston Churchill
Vinum,Wine
Vir Vespertilianus,Batman
Virgines Insulae Americanae,United States Virgin Islands
Virginia,Virginia
Virginia Occidentalis,West Virginia
Virgo (sidus),Virgo (constellation)
Virgo Maria,Mary (mother of Jesus)
Viridis,Green
Virtus,Virtue
Virus biologicum,Virus
Vis,Force
Vischium,Whisky
Visconsinia,Wisconsin
Vistula,Vistula
Visurgis,Weser River
Vitaminum,Vitamin
Viti,Fiji
Vitrum,Glass
Viviana Leigh,Vivien Leigh
Vladimirus Lenin,Vladimir Lenin
Vladimirus Nabokov,Vladimir Nabokov
Vladimirus Putin,Vladimir Putin
Vocativus,Vocative case
Vodca,Vodka
Volans (sidus),Volans
Volfangus Pauli,Wolfgang Pauli
Voltarius,Voltaire
Voltium,Volt
Vomitus,Vomiting
Vulcanus (mythologia),Vulcan (mythology)
Vulpecula (sidus),Vulpecula
Vulpes,Red Fox
Vultus,Face
Vulva,Vulva
Vyomina,Wyoming
W,W
Wake (insula),Wake Island
Wattium,Watt
Wernher de Braun,Wernher von Braun
Wilhelmus Ricardus Wagner,Richard Wagner
Windhoek,Windhoek
Wolfgangus Amadeus Mozart,Wolfgang Amadeus Mozart
Wolframium,Tungsten
Woodrow Wilson,Woodrow Wilson
Woody Allen,Woody Allen
X,X
Xenon,Xenon
Xenophanes,Xenophanes
Xenophon (scriptor),Xenophon
Xi,Xi
Y,Y
Yperitum,Sulfur mustard
Ypsilon,Upsilon
Ytterbium,Ytterbium
Yttrium,Yttrium
Yukon,Yukon
Z,Z
Zacharias Taylor,Zachary Taylor
Zagrabia,Zagreb
Zambia,Zambia
Zea Mays,Maize
Zebra,Zebra
Zen,Zen
Zeno (imperator),Zeno (emperor)
Zeno Citieus,Zeno of Citium
Zeta,Zeta
Zeus,Zeus
Zeus,Zeus (disambiguation)
Zimbabua,Zimbabwe
Zincum,Zinc
Zirconium,Zirconium
Ziudo,Judo
Ziuziutum,Jujutsu
Zodiacus,Zodiac
Zona Kuiperi,Kuiper belt
Zona temporalis,Time zone
Zoologia,Zoology
Zoroaster,Zoroaster
Zuluvia-Nativitas,KwaZulu-Natal
harpastum,Rugby football
latin,english
